INSERT COMPANY (uuid, create_date, update_date, is_active, class, id, c_name, e_name, voucher_point_uuid, week_shift, ou_sync_type, name_zh_cn, concurrent_user, expired_date, sales_attendant_uuid) VALUES (N'14043017113800054', NOW(), NOW(), N'Y', N'CLASS', N'InitCompany', N'InitCompany', N'InitCompany', NULL, 0, N'N', N'InitCompany', NULL, NULL, NULL);

INSERT APPLICATION_HEAD (uuid, create_date, update_date, is_active, name, description, id, create_user, update_user, web_site) VALUES (N'14043017114000058', NOW(), NOW(), N'Y', N'WebTemplate3', N'WebTemplate3', N'14043017114000058', N'14043017113900056', N'14043017113900056', NULL);

INSERT APPPAGE (uuid, is_active, create_date, create_user, update_date, update_user, id, name, description, url, parameter_class, application_head_uuid, p_mode) VALUES (N'14062415191002983', N'Y', NOW(), N'14043017113900056', NOW(), N'14043017113900056', N'company', N'公司維護', N'公司維護', N'~/admin/basic/company.aspx', N'', N'14043017114000058', N'');
INSERT APPPAGE (uuid, is_active, create_date, create_user, update_date, update_user, id, name, description, url, parameter_class, application_head_uuid, p_mode) VALUES (N'14062415191002985', N'Y', NOW(), N'14043017113900056', NOW(), N'14043017113900056', N'dept', N'部門維護', N'部門維護', N'~/admin/basic/dept.aspx', N'', N'14043017114000058', N'');
INSERT APPPAGE (uuid, is_active, create_date, create_user, update_date, update_user, id, name, description, url, parameter_class, application_head_uuid, p_mode) VALUES (N'14062415191002987', N'Y', NOW(), N'14043017113900056', NOW(), N'14043017113900056', N'attendant', N'人員維護', N'人員維護', N'~/admin/basic/attendant.aspx', N'', N'14043017114000058', N'');
INSERT APPPAGE (uuid, is_active, create_date, create_user, update_date, update_user, id, name, description, url, parameter_class, application_head_uuid, p_mode) VALUES (N'14062415191002989', N'Y', NOW(), N'14043017113900056', NOW(), N'14043017113900056', N'system', N'系統', N'系統', N'~/admin/system/system.aspx', N'', N'14043017114000058', N'');
INSERT APPPAGE (uuid, is_active, create_date, create_user, update_date, update_user, id, name, description, url, parameter_class, application_head_uuid, p_mode) VALUES (N'14062415191002991', N'Y', NOW(), N'14043017113900056', NOW(), N'14043017113900056', N'function', N'功能', N'功能', N'~/admin/system/function.aspx', N'', N'14043017114000058', N'');
INSERT APPPAGE (uuid, is_active, create_date, create_user, update_date, update_user, id, name, description, url, parameter_class, application_head_uuid, p_mode) VALUES (N'14062415191002993', N'Y', NOW(), N'14043017113900056', NOW(), N'14043017113900056', N'sitemap', N'Site Map', N'Site Map', N'~/admin/system/sitemap.aspx', N'', N'14043017114000058', N'');
INSERT APPPAGE (uuid, is_active, create_date, create_user, update_date, update_user, id, name, description, url, parameter_class, application_head_uuid, p_mode) VALUES (N'14062415191002995', N'Y', NOW(), N'14043017113900056', NOW(), N'14043017113900056', N'menu', N'選單', N'選單', N'~/admin/system/menu.aspx', N'', N'14043017114000058', N'');
INSERT APPPAGE (uuid, is_active, create_date, create_user, update_date, update_user, id, name, description, url, parameter_class, application_head_uuid, p_mode) VALUES (N'14062415191002997', N'Y', NOW(), N'14043017113900056', NOW(), N'14043017113900056', N'authority', N'權限維護', N'權限維護', N'~/admin/authority/authority/grouphead_query.aspx', N'', N'14043017114000058', N'');


INSERT ATTENDANT (uuid, create_date, update_date, is_active, company_uuid, account, c_name, e_name, email, password, is_supper, is_admin, code_page, department_uuid, phone, site_uuid, gender, birthday, hire_date, quit_date, is_manager, is_direct, grade, id, src_uuid, is_default_pass) VALUES (N'14043017113900056', NOW(), NOW(), N'Y', N'14043017113800054', N'InitAdmin', N'管理者', N'Admin', N'canred.chen@gmail.com', N'InitAdmin', N'N', N'Y', N'TW', NULL, NULL, NULL, N'M', NULL, NULL, NULL, N'N', N'N', NULL, N'InitAdmin', NULL, N'Y');


INSERT GROUP_HEAD (uuid, create_date, update_date, is_active, name_zh_tw, name_zh_cn, name_en_us, company_uuid, id, create_user, update_user, application_head_uuid) VALUES (N'14062415191002999', NOW(), NOW(), N'Y', N'管理者', N'管理者', N'admin', N'14043017113800054', N'admin', N'14043017113900056', NULL, N'14043017114000058');




INSERT GROUP_ATTENDANT (uuid, is_active, create_date, create_user, update_date, update_user, group_head_uuid, attendant_uuid) VALUES (N'14062415191003001', N'Y', NOW(), N'14043017113900056', NOW(), N'14043017113900056', N'14062415191002999', N'14043017113900056');

INSERT APPPAGE (uuid, is_active, create_date, create_user, update_date, update_user, id, name, description, url, parameter_class, application_head_uuid, p_mode) VALUES (N'14062415191003005', N'Y', NOW(), N'14043017113900056', NOW(), N'14043017113900056', N'gwp_query', N'全球暖化潛勢(GWP)值維護', N'全球暖化潛勢(GWP)值維護', N'~/gwp/gwp_query.aspx', N'', N'14043017114000058', N'');
INSERT APPMENU (uuid, is_active, create_date, create_user, update_date, update_user, name_zh_tw, name_zh_cn, name_en_us, id, appmenu_uuid, haschild, application_head_uuid, ord, parameter_class, image, sitemap_uuid, action_mode, is_default_page, is_admin) VALUES (N'14062415191003003', N'Y', NOW(), N'14043017113900056', NOW(), N'14043017113900056', N'系統', N'系統', N'system', N'system', N'14062415191003003', N'Y', N'14043017114000058', 0, NULL, NULL, NULL, NULL, N'N', N'Y');


INSERT SITEMAP (uuid, is_active, create_date, create_user, update_date, update_user, sitemap_uuid, apppage_uuid, root_uuid, haschild, application_head_uuid) VALUES (N'14062415191003007', N'Y', NOW(), N'14043017113900056', NULL, N'14043017113900056', NULL, N'14062415191003005', N'14062415191003007', N'Y', N'14043017114000058');




INSERT SITEMAP (uuid, is_active, create_date, create_user, update_date, update_user, sitemap_uuid, apppage_uuid, root_uuid, haschild, application_head_uuid) VALUES (N'14062415191003009', N'Y', NOW(), N'14043017113900056', NOW(), N'14043017113900056', N'14062415191003007', N'14062415191003005', N'14062415191003007', N'Y', N'14043017114000058');


INSERT SITEMAP (uuid, is_active, create_date, create_user, update_date, update_user, sitemap_uuid, apppage_uuid, root_uuid, haschild, application_head_uuid) VALUES (N'14062415191003011', N'Y', NOW(), N'14043017113900056', NOW(), N'14043017113900056', N'14062415191003007', N'14062415191002983', N'14062415191003007', N'Y', N'14043017114000058');
INSERT SITEMAP (uuid, is_active, create_date, create_user, update_date, update_user, sitemap_uuid, apppage_uuid, root_uuid, haschild, application_head_uuid) VALUES (N'14062415191003013', N'Y', NOW(), N'14043017113900056', NOW(), N'14043017113900056', N'14062415191003007', N'14062415191002985', N'14062415191003007', N'Y', N'14043017114000058');
INSERT SITEMAP (uuid, is_active, create_date, create_user, update_date, update_user, sitemap_uuid, apppage_uuid, root_uuid, haschild, application_head_uuid) VALUES (N'14062415191003015', N'Y', NOW(), N'14043017113900056', NOW(), N'14043017113900056', N'14062415191003007', N'14062415191002987', N'14062415191003007', N'Y', N'14043017114000058');
INSERT SITEMAP (uuid, is_active, create_date, create_user, update_date, update_user, sitemap_uuid, apppage_uuid, root_uuid, haschild, application_head_uuid) VALUES (N'14062415191003017', N'Y', NOW(), N'14043017113900056', NOW(), N'14043017113900056', N'14062415191003007', N'14062415191002989', N'14062415191003007', N'Y', N'14043017114000058');
INSERT SITEMAP (uuid, is_active, create_date, create_user, update_date, update_user, sitemap_uuid, apppage_uuid, root_uuid, haschild, application_head_uuid) VALUES (N'14062415191003019', N'Y', NOW(), N'14043017113900056', NOW(), N'14043017113900056', N'14062415191003007', N'14062415191002991', N'14062415191003007', N'Y', N'14043017114000058');
INSERT SITEMAP (uuid, is_active, create_date, create_user, update_date, update_user, sitemap_uuid, apppage_uuid, root_uuid, haschild, application_head_uuid) VALUES (N'14062415191003021', N'Y', NOW(), N'14043017113900056', NOW(), N'14043017113900056', N'14062415191003007', N'14062415191002993', N'14062415191003007', N'Y', N'14043017114000058');
INSERT SITEMAP (uuid, is_active, create_date, create_user, update_date, update_user, sitemap_uuid, apppage_uuid, root_uuid, haschild, application_head_uuid) VALUES (N'14062415191003023', N'Y', NOW(), N'14043017113900056', NOW(), N'14043017113900056', N'14062415191003007', N'14062415191002995', N'14062415191003007', N'Y', N'14043017114000058');
INSERT SITEMAP (uuid, is_active, create_date, create_user, update_date, update_user, sitemap_uuid, apppage_uuid, root_uuid, haschild, application_head_uuid) VALUES (N'14062415191003025', N'Y', NOW(), N'14043017113900056', NOW(), N'14043017113900056', N'14062415191003007', N'14062415191002997', N'14062415191003007', N'Y', N'14043017114000058');

INSERT APPMENU (uuid, is_active, create_date, create_user, update_date, update_user, name_zh_tw, name_zh_cn, name_en_us, id, appmenu_uuid, haschild, application_head_uuid, ord, parameter_class, image, sitemap_uuid, action_mode, is_default_page, is_admin) VALUES (N'14062415191003027', N'Y', NOW(), N'14043017113900056', NOW(), N'14043017113900056', N'ROOT', N'ROOT', N'ROOT', N'14062415191003027', NULL, N'Y', N'14043017114000058', 1, NULL, NULL, N'14062415191003007', NULL, N'N', N'N');


INSERT APPMENU (uuid, is_active, create_date, create_user, update_date, update_user, name_zh_tw, name_zh_cn, name_en_us, id, appmenu_uuid, haschild, application_head_uuid, ord, parameter_class, image, sitemap_uuid, action_mode, is_default_page, is_admin) VALUES (N'14062415191003029', N'Y', NOW(), N'14043017113900056', NOW(), N'14043017113900056', N'管理者', N'管理者', N'admin', N'admin', N'14062415191003027', N'Y', N'14043017114000058', 6, NULL, '~/css/images/setting.png', NULL, NULL, N'N', N'Y');
INSERT APPMENU (uuid, is_active, create_date, create_user, update_date, update_user, name_zh_tw, name_zh_cn, name_en_us, id, appmenu_uuid, haschild, application_head_uuid, ord, parameter_class, image, sitemap_uuid, action_mode, is_default_page, is_admin) VALUES (N'14062415191003031', N'Y', NOW(), N'14043017113900056', NOW(), N'14043017113900056', N'基本資料維護', N'基本資料維護', N'basic', N'basic', N'14062415191003029', N'Y', N'14043017114000058', 0, NULL, '~/css/images/basic.png', NULL, NULL, N'N', N'Y');
INSERT APPMENU (uuid, is_active, create_date, create_user, update_date, update_user, name_zh_tw, name_zh_cn, name_en_us, id, appmenu_uuid, haschild, application_head_uuid, ord, parameter_class, image, sitemap_uuid, action_mode, is_default_page, is_admin) VALUES (N'14062415191003033', N'Y', NOW(), N'14043017113900056', NOW(), N'14043017113900056', N'系統設定', N'系統設定', N'systemSetting', N'systemSetting', N'14062415191003029', N'Y', N'14043017114000058', 1, NULL, '~/css/images/setting.png', NULL, NULL, N'N', N'Y');
INSERT APPMENU (uuid, is_active, create_date, create_user, update_date, update_user, name_zh_tw, name_zh_cn, name_en_us, id, appmenu_uuid, haschild, application_head_uuid, ord, parameter_class, image, sitemap_uuid, action_mode, is_default_page, is_admin) VALUES (N'14062415191003035', N'Y', NOW(), N'14043017113900056', NOW(), N'14043017113900056', N'權限', N'權限', N'authority', N'authority', N'14062415191003029', N'N', N'14043017114000058', 2, NULL, '~/css/images/permission.png', N'14062415191003025', NULL, N'N', N'Y');
INSERT APPMENU (uuid, is_active, create_date, create_user, update_date, update_user, name_zh_tw, name_zh_cn, name_en_us, id, appmenu_uuid, haschild, application_head_uuid, ord, parameter_class, image, sitemap_uuid, action_mode, is_default_page, is_admin) VALUES (N'14062415191003037', N'Y', NOW(), N'14043017113900056', NOW(), N'14043017113900056', N'公司維護', N'公司維護', N'company', N'company', N'14062415191003031', N'N', N'14043017114000058', 0, NULL, '~/css/images/company.png', N'14062415191003011', NULL, N'N', N'Y');






INSERT APPMENU (uuid, is_active, create_date, create_user, update_date, update_user, name_zh_tw, name_zh_cn, name_en_us, id, appmenu_uuid, haschild, application_head_uuid, ord, parameter_class, image, sitemap_uuid, action_mode, is_default_page, is_admin) VALUES (N'14062415191003039', N'Y', NOW(), N'14043017113900056', NOW(), N'14043017113900056', N'部門維護', N'部門維護', N'department', N'department', N'14062415191003031', N'N', N'14043017114000058', 1, NULL, NULL, N'14062415191003013', NULL, N'N', N'Y');
INSERT APPMENU (uuid, is_active, create_date, create_user, update_date, update_user, name_zh_tw, name_zh_cn, name_en_us, id, appmenu_uuid, haschild, application_head_uuid, ord, parameter_class, image, sitemap_uuid, action_mode, is_default_page, is_admin) VALUES (N'14062415191003041', N'Y', NOW(), N'14043017113900056', NOW(), N'14043017113900056', N'人員維護', N'人員維護', N'attendant', N'attendant', N'14062415191003031', N'N', N'14043017114000058', 2, NULL, '~/css/images/man.png', N'14062415191003015', NULL, N'N', N'Y');

INSERT APPMENU (uuid, is_active, create_date, create_user, update_date, update_user, name_zh_tw, name_zh_cn, name_en_us, id, appmenu_uuid, haschild, application_head_uuid, ord, parameter_class, image, sitemap_uuid, action_mode, is_default_page, is_admin) VALUES (N'14062415191003043', N'Y', NOW(), N'14043017113900056', NOW(), N'14043017113900056', N'功能', N'功能', N'function', N'function', N'14062415191003033', N'N', N'14043017114000058', 1, NULL, '~/css/images/function_tag.png', N'14062415191003019', NULL, N'N', N'Y');
INSERT APPMENU (uuid, is_active, create_date, create_user, update_date, update_user, name_zh_tw, name_zh_cn, name_en_us, id, appmenu_uuid, haschild, application_head_uuid, ord, parameter_class, image, sitemap_uuid, action_mode, is_default_page, is_admin) VALUES (N'14062415191003045', N'Y', NOW(), N'14043017113900056', NOW(), N'14043017113900056', N'Site Map', N'Site Map', N'Site Map', N'site_map', N'14062415191003033', N'N', N'14043017114000058', 2, NULL,  '~/css/images/map.png', N'14062415191003021', NULL, N'N', N'Y');
INSERT APPMENU (uuid, is_active, create_date, create_user, update_date, update_user, name_zh_tw, name_zh_cn, name_en_us, id, appmenu_uuid, haschild, application_head_uuid, ord, parameter_class, image, sitemap_uuid, action_mode, is_default_page, is_admin) VALUES (N'14062415191003047', N'Y', NOW(), N'14043017113900056', NOW(), N'14043017113900056', N'選單', N'選單', N'menu', N'menu', N'14062415191003033', N'N', N'14043017114000058', 3, NULL, '~/css/images/menu.png', N'14062415191003023', NULL, N'N', N'Y');
INSERT APPMENU (uuid, is_active, create_date, create_user, update_date, update_user, name_zh_tw, name_zh_cn, name_en_us, id, appmenu_uuid, haschild, application_head_uuid, ord, parameter_class, image, sitemap_uuid, action_mode, is_default_page, is_admin) VALUES (N'14062415191003049', N'Y', NOW(), N'14043017113900056', NOW(), N'14043017113900056', N'系統', N'系統', N'System', N'系統', N'14062415191003033', N'Y', N'14043017114000058', 0, NULL, '~/css/images/application.png', N'14062415191003017', NULL, N'N', N'N');
INSERT APPMENU (uuid, is_active, create_date, create_user, update_date, update_user, name_zh_tw, name_zh_cn, name_en_us, id, appmenu_uuid, haschild, application_head_uuid, ord, parameter_class, image, sitemap_uuid, action_mode, is_default_page, is_admin) VALUES (N'14062415191003051', N'N', NOW(), N'14043017113900056', NOW(), N'14043017113900056', N'權限維護', N'權限維護', N'權限維護', N'Authority2', N'14062415191003033', N'Y', N'14043017114000058',4, NULL, '~/css/images/key.png', N'14062415191003025', NULL, N'N', N'N');



INSERT GROUP_APPMENU (uuid, is_active, create_date, create_user, update_date, update_user, appmenu_uuid, group_head_uuid, is_default_page) VALUES (N'14062415191003053', N'Y', NOW(), N'14043017113900056', NOW(), NULL, N'14062415191003027', N'14062415191002999', N'N');
INSERT GROUP_APPMENU (uuid, is_active, create_date, create_user, update_date, update_user, appmenu_uuid, group_head_uuid, is_default_page) VALUES (N'14062415191003055', N'Y', NOW(), N'14043017113900056', NOW(), N'14043017113900056', N'14062415191003033', N'14062415191002999', N'N');
INSERT GROUP_APPMENU (uuid, is_active, create_date, create_user, update_date, update_user, appmenu_uuid, group_head_uuid, is_default_page) VALUES (N'14062415191003057', N'Y', NOW(), N'14043017113900056', NOW(), N'14043017113900056', N'14062415191003029', N'14062415191002999', N'N');
INSERT GROUP_APPMENU (uuid, is_active, create_date, create_user, update_date, update_user, appmenu_uuid, group_head_uuid, is_default_page) VALUES (N'14062415191003059', N'Y', NOW(), N'14043017113900056', NOW(), N'14043017113900056', N'14062415191003031', N'14062415191002999', N'N');
INSERT GROUP_APPMENU (uuid, is_active, create_date, create_user, update_date, update_user, appmenu_uuid, group_head_uuid, is_default_page) VALUES (N'14062415191003061', N'Y', NOW(), N'14043017113900056', NOW(), N'14043017113900056', N'14062415191003035', N'14062415191002999', N'N');
INSERT GROUP_APPMENU (uuid, is_active, create_date, create_user, update_date, update_user, appmenu_uuid, group_head_uuid, is_default_page) VALUES (N'14062415191003063', N'Y', NOW(), N'14043017113900056', NOW(), N'14043017113900056', N'14062415191003047', N'14062415191002999', N'N');
INSERT GROUP_APPMENU (uuid, is_active, create_date, create_user, update_date, update_user, appmenu_uuid, group_head_uuid, is_default_page) VALUES (N'14062415191003065', N'Y', NOW(), N'14043017113900056', NOW(), N'14043017113900056', N'14062415191003003', N'14062415191002999', N'N');
INSERT GROUP_APPMENU (uuid, is_active, create_date, create_user, update_date, update_user, appmenu_uuid, group_head_uuid, is_default_page) VALUES (N'14062415191003067', N'Y', NOW(), N'14043017113900056', NOW(), N'14043017113900056', N'14062415191003043', N'14062415191002999', N'N');
INSERT GROUP_APPMENU (uuid, is_active, create_date, create_user, update_date, update_user, appmenu_uuid, group_head_uuid, is_default_page) VALUES (N'14062415191003069', N'Y', NOW(), N'14043017113900056', NOW(), N'14043017113900056', N'14062415191003045', N'14062415191002999', N'N');
INSERT GROUP_APPMENU (uuid, is_active, create_date, create_user, update_date, update_user, appmenu_uuid, group_head_uuid, is_default_page) VALUES (N'14062415191003071', N'Y', NOW(), N'14043017113900056', NOW(), N'14043017113900056', N'14062415191003041', N'14062415191002999', N'N');
INSERT GROUP_APPMENU (uuid, is_active, create_date, create_user, update_date, update_user, appmenu_uuid, group_head_uuid, is_default_page) VALUES (N'14062415191003073', N'Y', NOW(), N'14043017113900056', NOW(), N'14043017113900056', N'14062415191003037', N'14062415191002999', N'N');
INSERT GROUP_APPMENU (uuid, is_active, create_date, create_user, update_date, update_user, appmenu_uuid, group_head_uuid, is_default_page) VALUES (N'14062415191003075', N'Y', NOW(), N'14043017113900056', NOW(), NULL, N'14062415191003049', N'14062415191002999', N'N');
INSERT GROUP_APPMENU (uuid, is_active, create_date, create_user, update_date, update_user, appmenu_uuid, group_head_uuid, is_default_page) VALUES (N'14062415191003077', N'Y', NOW(), N'14043017113900056', NOW(), NULL, N'14062415191003051', N'14062415191002999', N'N');

INSERT Proxy (UUID, Proxy_Action, Proxy_Method, description, Proxy_Type, need_redirect, redirect_Proxy_Action, redirect_Proxy_Method, application_head_uuid, redirect_src) VALUES (N'14062415191003083', N'AdminCompanyAction', N'loadCompany', N'AdminCompanyAction.loadCompany', N'Store', N'N', NULL, NULL, N'14043017114000058', NULL);
INSERT Proxy (UUID, Proxy_Action, Proxy_Method, description, Proxy_Type, need_redirect, redirect_Proxy_Action, redirect_Proxy_Method, application_head_uuid, redirect_src) VALUES (N'14062415191003085', N'AdminCompanyAction', N'info', N'AdminCompanyAction.info', N'Load', N'N', NULL, NULL, N'14043017114000058', NULL);
INSERT Proxy (UUID, Proxy_Action, Proxy_Method, description, Proxy_Type, need_redirect, redirect_Proxy_Action, redirect_Proxy_Method, application_head_uuid, redirect_src) VALUES (N'14062415191003087', N'AdminCompanyAction', N'submit', N'AdminCompanyAction.submit', N'Form', N'N', NULL, NULL, N'14043017114000058', NULL);
INSERT Proxy (UUID, Proxy_Action, Proxy_Method, description, Proxy_Type, need_redirect, redirect_Proxy_Action, redirect_Proxy_Method, application_head_uuid, redirect_src) VALUES (N'14062415191003089', N'ApplicationAction', N'loadApplication', N'ApplicationAction.loadApplication', N'Store', N'N', NULL, NULL, N'14043017114000058', NULL);
INSERT Proxy (UUID, Proxy_Action, Proxy_Method, description, Proxy_Type, need_redirect, redirect_Proxy_Action, redirect_Proxy_Method, application_head_uuid, redirect_src) VALUES (N'14062415191003091', N'ApplicationAction', N'getApplication', N'ApplicationAction.getApplication', N'Store', N'N', NULL, NULL, N'14043017114000058', NULL);
INSERT Proxy (UUID, Proxy_Action, Proxy_Method, description, Proxy_Type, need_redirect, redirect_Proxy_Action, redirect_Proxy_Method, application_head_uuid, redirect_src) VALUES (N'14062415191003093', N'ApplicationAction', N'submit', N'ApplicationAction.submit', N'Form', N'N', NULL, NULL, N'14043017114000058', NULL);
INSERT Proxy (UUID, Proxy_Action, Proxy_Method, description, Proxy_Type, need_redirect, redirect_Proxy_Action, redirect_Proxy_Method, application_head_uuid, redirect_src) VALUES (N'14062415191003095', N'ApplicationAction', N'info', N'ApplicationAction.info', N'Store', N'N', NULL, NULL, N'14043017114000058', NULL);
INSERT Proxy (UUID, Proxy_Action, Proxy_Method, description, Proxy_Type, need_redirect, redirect_Proxy_Action, redirect_Proxy_Method, application_head_uuid, redirect_src) VALUES (N'14062415191003097', N'AppPageAction', N'loadAppPage', N'AppPageAction.loadAppPage', N'Store', N'N', NULL, NULL, N'14043017114000058', NULL);
INSERT Proxy (UUID, Proxy_Action, Proxy_Method, description, Proxy_Type, need_redirect, redirect_Proxy_Action, redirect_Proxy_Method, application_head_uuid, redirect_src) VALUES (N'14062415191003099', N'AppPageAction', N'submit', N'AppPageAction.submit', N'Form', N'N', NULL, NULL, N'14043017114000058', NULL);
INSERT Proxy (UUID, Proxy_Action, Proxy_Method, description, Proxy_Type, need_redirect, redirect_Proxy_Action, redirect_Proxy_Method, application_head_uuid, redirect_src) VALUES (N'14062415191003101', N'AppPageAction', N'info', N'AppPageAction.info', N'Store', N'N', NULL, NULL, N'14043017114000058', NULL);
INSERT Proxy (UUID, Proxy_Action, Proxy_Method, description, Proxy_Type, need_redirect, redirect_Proxy_Action, redirect_Proxy_Method, application_head_uuid, redirect_src) VALUES (N'14062415191003103', N'AppPageAction', N'destroyByUuid', N'AppPageAction.destroyByUuid', N'Store', N'N', NULL, NULL, N'14043017114000058', NULL);
INSERT Proxy (UUID, Proxy_Action, Proxy_Method, description, Proxy_Type, need_redirect, redirect_Proxy_Action, redirect_Proxy_Method, application_head_uuid, redirect_src) VALUES (N'14062415191003105', N'AttendantAction', N'getUserName', N'AttendantAction.getUserName', N'Load', N'N', NULL, NULL, N'14043017114000058', NULL);
INSERT Proxy (UUID, Proxy_Action, Proxy_Method, description, Proxy_Type, need_redirect, redirect_Proxy_Action, redirect_Proxy_Method, application_head_uuid, redirect_src) VALUES (N'14062415191003107', N'AttendantAction', N'load', N'AttendantAction.load', N'Load', N'N', NULL, NULL, N'14043017114000058', NULL);
INSERT Proxy (UUID, Proxy_Action, Proxy_Method, description, Proxy_Type, need_redirect, redirect_Proxy_Action, redirect_Proxy_Method, application_head_uuid, redirect_src) VALUES (N'14062415191003109', N'AttendantAction', N'info', N'AttendantAction.info', N'Load', N'N', NULL, NULL, N'14043017114000058', NULL);
INSERT Proxy (UUID, Proxy_Action, Proxy_Method, description, Proxy_Type, need_redirect, redirect_Proxy_Action, redirect_Proxy_Method, application_head_uuid, redirect_src) VALUES (N'14062415191003111', N'AttendantAction', N'submit', N'AttendantAction.submit', N'Form', N'N', NULL, NULL, N'14043017114000058', NULL);
INSERT Proxy (UUID, Proxy_Action, Proxy_Method, description, Proxy_Type, need_redirect, redirect_Proxy_Action, redirect_Proxy_Method, application_head_uuid, redirect_src) VALUES (N'14062415191003113', N'AuthorityAction', N'loadAppmenuTree', N'AuthorityAction.loadAppmenuTree', N'TreeStore', N'N', NULL, NULL, N'14043017114000058', NULL);
INSERT Proxy (UUID, Proxy_Action, Proxy_Method, description, Proxy_Type, need_redirect, redirect_Proxy_Action, redirect_Proxy_Method, application_head_uuid, redirect_src) VALUES (N'14062415191003115', N'AuthorityAction', N'loadTreeRoot', N'AuthorityAction.loadTreeRoot', N'Store', N'N', NULL, NULL, N'14043017114000058', NULL);
INSERT Proxy (UUID, Proxy_Action, Proxy_Method, description, Proxy_Type, need_redirect, redirect_Proxy_Action, redirect_Proxy_Method, application_head_uuid, redirect_src) VALUES (N'14062415191003117', N'AuthorityAction', N'setGroupAppmenuIsDefaultPage', N'AuthorityAction.setGroupAppmenuIsDefaultPage', N'Store', N'N', NULL, NULL, N'14043017114000058', NULL);
INSERT Proxy (UUID, Proxy_Action, Proxy_Method, description, Proxy_Type, need_redirect, redirect_Proxy_Action, redirect_Proxy_Method, application_head_uuid, redirect_src) VALUES (N'14062415191003119', N'AuthorityAction', N'setGroupAppmenu', N'AuthorityAction.setGroupAppmenu', N'Store', N'N', NULL, NULL, N'14043017114000058', NULL);
INSERT Proxy (UUID, Proxy_Action, Proxy_Method, description, Proxy_Type, need_redirect, redirect_Proxy_Action, redirect_Proxy_Method, application_head_uuid, redirect_src) VALUES (N'14062415191003121', N'CompanyAction', N'getCompany', N'CompanyAction.getCompany', N'Store', N'N', NULL, NULL, N'14043017114000058', NULL);
INSERT Proxy (UUID, Proxy_Action, Proxy_Method, description, Proxy_Type, need_redirect, redirect_Proxy_Action, redirect_Proxy_Method, application_head_uuid, redirect_src) VALUES (N'14062415191003123', N'DeptAction', N'loadTree', N'DeptAction.loadTree', N'TreeStore', N'N', NULL, NULL, N'14043017114000058', NULL);
INSERT Proxy (UUID, Proxy_Action, Proxy_Method, description, Proxy_Type, need_redirect, redirect_Proxy_Action, redirect_Proxy_Method, application_head_uuid, redirect_src) VALUES (N'14062415191003125', N'DeptAction', N'loadTreeRoot', N'DeptAction.loadTreeRoot', N'Store', N'N', NULL, NULL, N'14043017114000058', NULL);
INSERT Proxy (UUID, Proxy_Action, Proxy_Method, description, Proxy_Type, need_redirect, redirect_Proxy_Action, redirect_Proxy_Method, application_head_uuid, redirect_src) VALUES (N'14062415191003127', N'DeptAction', N'info', N'DeptAction.info', N'Load', N'N', NULL, NULL, N'14043017114000058', NULL);
INSERT Proxy (UUID, Proxy_Action, Proxy_Method, description, Proxy_Type, need_redirect, redirect_Proxy_Action, redirect_Proxy_Method, application_head_uuid, redirect_src) VALUES (N'14062415191003129', N'DeptAction', N'submit', N'DeptAction.submit', N'Form', N'N', NULL, NULL, N'14043017114000058', NULL);
INSERT Proxy (UUID, Proxy_Action, Proxy_Method, description, Proxy_Type, need_redirect, redirect_Proxy_Action, redirect_Proxy_Method, application_head_uuid, redirect_src) VALUES (N'14062415191003131', N'DeptAction', N'destroy', N'DeptAction.destroy', N'Form', N'N', NULL, NULL, N'14043017114000058', NULL);
INSERT Proxy (UUID, Proxy_Action, Proxy_Method, description, Proxy_Type, need_redirect, redirect_Proxy_Action, redirect_Proxy_Method, application_head_uuid, redirect_src) VALUES (N'14062415191003133', N'EncryptAction', N'Encode', N'EncryptAction.Encode', N'Load', N'N', NULL, NULL, N'14043017114000058', NULL);
INSERT Proxy (UUID, Proxy_Action, Proxy_Method, description, Proxy_Type, need_redirect, redirect_Proxy_Action, redirect_Proxy_Method, application_head_uuid, redirect_src) VALUES (N'14062415191003135', N'ErrorLogAction', N'load', N'ErrorLogAction.load', N'Load', N'N', NULL, NULL, N'14043017114000058', NULL);
INSERT Proxy (UUID, Proxy_Action, Proxy_Method, description, Proxy_Type, need_redirect, redirect_Proxy_Action, redirect_Proxy_Method, application_head_uuid, redirect_src) VALUES (N'14062415191003137', N'ErrorLogAction', N'UpdateAllRead', N'ErrorLogAction.UpdateAllRead', N'Store', N'N', NULL, NULL, N'14043017114000058', NULL);
INSERT Proxy (UUID, Proxy_Action, Proxy_Method, description, Proxy_Type, need_redirect, redirect_Proxy_Action, redirect_Proxy_Method, application_head_uuid, redirect_src) VALUES (N'14062415191003139', N'ErrorLogAction', N'UpdateRead', N'ErrorLogAction.UpdateRead', N'Load', N'N', NULL, NULL, N'14043017114000058', NULL);
INSERT Proxy (UUID, Proxy_Action, Proxy_Method, description, Proxy_Type, need_redirect, redirect_Proxy_Action, redirect_Proxy_Method, application_head_uuid, redirect_src) VALUES (N'14062415191003141', N'GroupAttendantAction', N'loadAttendantStoreInGroup', N'GroupAttendantAction.loadAttendantStoreInGroup', N'Store', N'N', NULL, NULL, N'14043017114000058', NULL);
INSERT Proxy (UUID, Proxy_Action, Proxy_Method, description, Proxy_Type, need_redirect, redirect_Proxy_Action, redirect_Proxy_Method, application_head_uuid, redirect_src) VALUES (N'14062415191003143', N'GroupAttendantAction', N'loadAttendantStoreNotInGroup', N'GroupAttendantAction.loadAttendantStoreNotInGroup', N'Store', N'N', NULL, NULL, N'14043017114000058', NULL);
INSERT Proxy (UUID, Proxy_Action, Proxy_Method, description, Proxy_Type, need_redirect, redirect_Proxy_Action, redirect_Proxy_Method, application_head_uuid, redirect_src) VALUES (N'14062415191003145', N'GroupAttendantAction', N'addAttendnatGroupHead', N'GroupAttendantAction.addAttendnatGroupHead', N'Store', N'N', NULL, NULL, N'14043017114000058', NULL);
INSERT Proxy (UUID, Proxy_Action, Proxy_Method, description, Proxy_Type, need_redirect, redirect_Proxy_Action, redirect_Proxy_Method, application_head_uuid, redirect_src) VALUES (N'14062415191003147', N'GroupAttendantAction', N'destroyBy', N'GroupAttendantAction.destroyBy', N'Store', N'N', NULL, NULL, N'14043017114000058', NULL);
INSERT Proxy (UUID, Proxy_Action, Proxy_Method, description, Proxy_Type, need_redirect, redirect_Proxy_Action, redirect_Proxy_Method, application_head_uuid, redirect_src) VALUES (N'14062415191003149', N'GroupHeadAction', N'load', N'GroupHeadAction.load', N'Store', N'N', NULL, NULL, N'14043017114000058', NULL);
INSERT Proxy (UUID, Proxy_Action, Proxy_Method, description, Proxy_Type, need_redirect, redirect_Proxy_Action, redirect_Proxy_Method, application_head_uuid, redirect_src) VALUES (N'14062415191003151', N'GroupHeadAction', N'info', N'GroupHeadAction.info', N'Load', N'N', NULL, NULL, N'14043017114000058', NULL);
INSERT Proxy (UUID, Proxy_Action, Proxy_Method, description, Proxy_Type, need_redirect, redirect_Proxy_Action, redirect_Proxy_Method, application_head_uuid, redirect_src) VALUES (N'14062415191003153', N'GroupHeadAction', N'submit', N'GroupHeadAction.submit', N'Form', N'N', NULL, NULL, N'14043017114000058', NULL);
INSERT Proxy (UUID, Proxy_Action, Proxy_Method, description, Proxy_Type, need_redirect, redirect_Proxy_Action, redirect_Proxy_Method, application_head_uuid, redirect_src) VALUES (N'14062415191003155', N'GroupHeadAction', N'deleteGroupHead', N'GroupHeadAction.deleteGroupHead', N'Store', N'N', NULL, NULL, N'14043017114000058', NULL);
INSERT Proxy (UUID, Proxy_Action, Proxy_Method, description, Proxy_Type, need_redirect, redirect_Proxy_Action, redirect_Proxy_Method, application_head_uuid, redirect_src) VALUES (N'14062415191003157', N'InitAction', N'loadBasic', N'InitAction.loadBasic', N'Load', N'N', NULL, NULL, N'14043017114000058', NULL);
INSERT Proxy (UUID, Proxy_Action, Proxy_Method, description, Proxy_Type, need_redirect, redirect_Proxy_Action, redirect_Proxy_Method, application_head_uuid, redirect_src) VALUES (N'14062415191003159', N'InitAction', N'loadException', N'InitAction.loadException', N'Load', N'N', NULL, NULL, N'14043017114000058', NULL);
INSERT Proxy (UUID, Proxy_Action, Proxy_Method, description, Proxy_Type, need_redirect, redirect_Proxy_Action, redirect_Proxy_Method, application_head_uuid, redirect_src) VALUES (N'14062415191003161', N'InitAction', N'loadAction', N'InitAction.loadAction', N'Load', N'N', NULL, NULL, N'14043017114000058', NULL);
INSERT Proxy (UUID, Proxy_Action, Proxy_Method, description, Proxy_Type, need_redirect, redirect_Proxy_Action, redirect_Proxy_Method, application_head_uuid, redirect_src) VALUES (N'14062415191003163', N'InitAction', N'loadParameter', N'InitAction.loadParameter', N'Load', N'N', NULL, NULL, N'14043017114000058', NULL);
INSERT Proxy (UUID, Proxy_Action, Proxy_Method, description, Proxy_Type, need_redirect, redirect_Proxy_Action, redirect_Proxy_Method, application_head_uuid, redirect_src) VALUES (N'14062415191003165', N'InitAction', N'submitParameter', N'InitAction.submitParameter', N'Load', N'N', NULL, NULL, N'14043017114000058', NULL);
INSERT Proxy (UUID, Proxy_Action, Proxy_Method, description, Proxy_Type, need_redirect, redirect_Proxy_Action, redirect_Proxy_Method, application_head_uuid, redirect_src) VALUES (N'14062415191003167', N'InitAction', N'testConnection', N'InitAction.testConnection', N'Load', N'N', NULL, NULL, N'14043017114000058', NULL);
INSERT Proxy (UUID, Proxy_Action, Proxy_Method, description, Proxy_Type, need_redirect, redirect_Proxy_Action, redirect_Proxy_Method, application_head_uuid, redirect_src) VALUES (N'14062415191003169', N'InitAction', N'submitBasic', N'InitAction.submitBasic', N'Store', N'N', NULL, NULL, N'14043017114000058', NULL);
INSERT Proxy (UUID, Proxy_Action, Proxy_Method, description, Proxy_Type, need_redirect, redirect_Proxy_Action, redirect_Proxy_Method, application_head_uuid, redirect_src) VALUES (N'14062415191003171', N'InitAction', N'submitException', N'InitAction.submitException', N'Store', N'N', NULL, NULL, N'14043017114000058', NULL);
INSERT Proxy (UUID, Proxy_Action, Proxy_Method, description, Proxy_Type, need_redirect, redirect_Proxy_Action, redirect_Proxy_Method, application_head_uuid, redirect_src) VALUES (N'14062415191003173', N'InitAction', N'submitActionLog', N'InitAction.submitActionLog', N'Store', N'N', NULL, NULL, N'14043017114000058', NULL);
INSERT Proxy (UUID, Proxy_Action, Proxy_Method, description, Proxy_Type, need_redirect, redirect_Proxy_Action, redirect_Proxy_Method, application_head_uuid, redirect_src) VALUES (N'14062415191003175', N'InitAction', N'initBasic', N'InitAction.initBasic', N'Store', N'N', NULL, NULL, N'14043017114000058', NULL);
INSERT Proxy (UUID, Proxy_Action, Proxy_Method, description, Proxy_Type, need_redirect, redirect_Proxy_Action, redirect_Proxy_Method, application_head_uuid, redirect_src) VALUES (N'14062415191003177', N'InitAction', N'initException', N'InitAction.initException', N'Store', N'N', NULL, NULL, N'14043017114000058', NULL);
INSERT Proxy (UUID, Proxy_Action, Proxy_Method, description, Proxy_Type, need_redirect, redirect_Proxy_Action, redirect_Proxy_Method, application_head_uuid, redirect_src) VALUES (N'14062415191003179', N'InitAction', N'initAction', N'InitAction.initAction', N'Store', N'N', NULL, NULL, N'14043017114000058', NULL);
INSERT Proxy (UUID, Proxy_Action, Proxy_Method, description, Proxy_Type, need_redirect, redirect_Proxy_Action, redirect_Proxy_Method, application_head_uuid, redirect_src) VALUES (N'14062415191003181', N'InitAction', N'importData', N'InitAction.importData', N'Store', N'N', NULL, NULL, N'14043017114000058', NULL);
INSERT Proxy (UUID, Proxy_Action, Proxy_Method, description, Proxy_Type, need_redirect, redirect_Proxy_Action, redirect_Proxy_Method, application_head_uuid, redirect_src) VALUES (N'14062415191003183', N'MenuAction', N'loadMenuTree', N'MenuAction.loadMenuTree', N'TreeStore', N'N', NULL, NULL, N'14043017114000058', NULL);
INSERT Proxy (UUID, Proxy_Action, Proxy_Method, description, Proxy_Type, need_redirect, redirect_Proxy_Action, redirect_Proxy_Method, application_head_uuid, redirect_src) VALUES (N'14062415191003185', N'MenuAction', N'loadTreeRoot', N'MenuAction.loadTreeRoot', N'Store', N'N', NULL, NULL, N'14043017114000058', NULL);
INSERT Proxy (UUID, Proxy_Action, Proxy_Method, description, Proxy_Type, need_redirect, redirect_Proxy_Action, redirect_Proxy_Method, application_head_uuid, redirect_src) VALUES (N'14062415191003187', N'MenuAction', N'submit', N'MenuAction.submit', N'Form', N'N', NULL, NULL, N'14043017114000058', NULL);
INSERT Proxy (UUID, Proxy_Action, Proxy_Method, description, Proxy_Type, need_redirect, redirect_Proxy_Action, redirect_Proxy_Method, application_head_uuid, redirect_src) VALUES (N'14062415191003189', N'MenuAction', N'info', N'MenuAction.info', N'Store', N'N', NULL, NULL, N'14043017114000058', NULL);
INSERT Proxy (UUID, Proxy_Action, Proxy_Method, description, Proxy_Type, need_redirect, redirect_Proxy_Action, redirect_Proxy_Method, application_head_uuid, redirect_src) VALUES (N'14062415191003191', N'MenuAction', N'destroyByUuid', N'MenuAction.destroyByUuid', N'Store', N'N', NULL, NULL, N'14043017114000058', NULL);
INSERT Proxy (UUID, Proxy_Action, Proxy_Method, description, Proxy_Type, need_redirect, redirect_Proxy_Action, redirect_Proxy_Method, application_head_uuid, redirect_src) VALUES (N'14062415191003193', N'MenuAction', N'setAppMenuIsActive', N'MenuAction.setAppMenuIsActive', N'Store', N'N', NULL, NULL, N'14043017114000058', NULL);
INSERT Proxy (UUID, Proxy_Action, Proxy_Method, description, Proxy_Type, need_redirect, redirect_Proxy_Action, redirect_Proxy_Method, application_head_uuid, redirect_src) VALUES (N'14062415191003195', N'MenuAction', N'deleteAppMenu', N'MenuAction.deleteAppMenu', N'Store', N'N', NULL, NULL, N'14043017114000058', NULL);
INSERT Proxy (UUID, Proxy_Action, Proxy_Method, description, Proxy_Type, need_redirect, redirect_Proxy_Action, redirect_Proxy_Method, application_head_uuid, redirect_src) VALUES (N'14062415191003197', N'MenuAction', N'load', N'MenuAction.load', N'Store', N'N', NULL, NULL, N'14043017114000058', NULL);
INSERT Proxy (UUID, Proxy_Action, Proxy_Method, description, Proxy_Type, need_redirect, redirect_Proxy_Action, redirect_Proxy_Method, application_head_uuid, redirect_src) VALUES (N'14062415191003199', N'MenuAction', N'loadThisApplicationMenu', N'MenuAction.loadThisApplicationMenu', N'Store', N'N', NULL, NULL, N'14043017114000058', NULL);
INSERT Proxy (UUID, Proxy_Action, Proxy_Method, description, Proxy_Type, need_redirect, redirect_Proxy_Action, redirect_Proxy_Method, application_head_uuid, redirect_src) VALUES (N'14062415191003201', N'ProxyAction', N'loadProxy', N'ProxyAction.loadProxy', N'Store', N'N', NULL, NULL, N'14043017114000058', NULL);
INSERT Proxy (UUID, Proxy_Action, Proxy_Method, description, Proxy_Type, need_redirect, redirect_Proxy_Action, redirect_Proxy_Method, application_head_uuid, redirect_src) VALUES (N'14062415191003203', N'ProxyAction', N'submitProxy', N'ProxyAction.submitProxy', N'Form', N'N', NULL, NULL, N'14043017114000058', NULL);
INSERT Proxy (UUID, Proxy_Action, Proxy_Method, description, Proxy_Type, need_redirect, redirect_Proxy_Action, redirect_Proxy_Method, application_head_uuid, redirect_src) VALUES (N'14062415191003205', N'ProxyAction', N'infoProxy', N'ProxyAction.infoProxy', N'Store', N'N', NULL, NULL, N'14043017114000058', NULL);
INSERT Proxy (UUID, Proxy_Action, Proxy_Method, description, Proxy_Type, need_redirect, redirect_Proxy_Action, redirect_Proxy_Method, application_head_uuid, redirect_src) VALUES (N'14062415191003207', N'ProxyAction', N'destroyProxyByUuid', N'ProxyAction.destroyProxyByUuid', N'Store', N'N', NULL, NULL, N'14043017114000058', NULL);
INSERT Proxy (UUID, Proxy_Action, Proxy_Method, description, Proxy_Type, need_redirect, redirect_Proxy_Action, redirect_Proxy_Method, application_head_uuid, redirect_src) VALUES (N'14062415191003209', N'SiteMapAction', N'loadSiteMapTree', N'SiteMapAction.loadSiteMapTree', N'TreeStore', N'N', NULL, NULL, N'14043017114000058', NULL);
INSERT Proxy (UUID, Proxy_Action, Proxy_Method, description, Proxy_Type, need_redirect, redirect_Proxy_Action, redirect_Proxy_Method, application_head_uuid, redirect_src) VALUES (N'14062415191003211', N'SiteMapAction', N'loadTreeRoot', N'SiteMapAction.loadTreeRoot', N'Store', N'N', NULL, NULL, N'14043017114000058', NULL);
INSERT Proxy (UUID, Proxy_Action, Proxy_Method, description, Proxy_Type, need_redirect, redirect_Proxy_Action, redirect_Proxy_Method, application_head_uuid, redirect_src) VALUES (N'14062415191003213', N'SiteMapAction', N'load', N'SiteMapAction.load', N'Store', N'N', NULL, NULL, N'14043017114000058', NULL);
INSERT Proxy (UUID, Proxy_Action, Proxy_Method, description, Proxy_Type, need_redirect, redirect_Proxy_Action, redirect_Proxy_Method, application_head_uuid, redirect_src) VALUES (N'14062415191003215', N'SiteMapAction', N'loadThisApplication', N'SiteMapAction.loadThisApplication', N'Store', N'N', NULL, NULL, N'14043017114000058', NULL);
INSERT Proxy (UUID, Proxy_Action, Proxy_Method, description, Proxy_Type, need_redirect, redirect_Proxy_Action, redirect_Proxy_Method, application_head_uuid, redirect_src) VALUES (N'14062415191003217', N'SiteMapAction', N'submit', N'SiteMapAction.submit', N'Form', N'N', NULL, NULL, N'14043017114000058', NULL);
INSERT Proxy (UUID, Proxy_Action, Proxy_Method, description, Proxy_Type, need_redirect, redirect_Proxy_Action, redirect_Proxy_Method, application_head_uuid, redirect_src) VALUES (N'14062415191003219', N'SiteMapAction', N'info', N'SiteMapAction.info', N'Store', N'N', NULL, NULL, N'14043017114000058', NULL);
INSERT Proxy (UUID, Proxy_Action, Proxy_Method, description, Proxy_Type, need_redirect, redirect_Proxy_Action, redirect_Proxy_Method, application_head_uuid, redirect_src) VALUES (N'14062415191003221', N'SiteMapAction', N'destroyByUuid', N'SiteMapAction.destroyByUuid', N'Store', N'N', NULL, NULL, N'14043017114000058', NULL);
INSERT Proxy (UUID, Proxy_Action, Proxy_Method, description, Proxy_Type, need_redirect, redirect_Proxy_Action, redirect_Proxy_Method, application_head_uuid, redirect_src) VALUES (N'14062415191003223', N'SiteMapAction', N'setSiteMapIsActive', N'SiteMapAction.setSiteMapIsActive', N'Store', N'N', NULL, NULL, N'14043017114000058', NULL);
INSERT Proxy (UUID, Proxy_Action, Proxy_Method, description, Proxy_Type, need_redirect, redirect_Proxy_Action, redirect_Proxy_Method, application_head_uuid, redirect_src) VALUES (N'14062415191003225', N'SiteMapAction', N'deleteSiteMap', N'SiteMapAction.deleteSiteMap', N'Store', N'N', NULL, NULL, N'14043017114000058', NULL);
INSERT Proxy (UUID, Proxy_Action, Proxy_Method, description, Proxy_Type, need_redirect, redirect_Proxy_Action, redirect_Proxy_Method, application_head_uuid, redirect_src) VALUES (N'14062415191003227', N'SiteMapAction', N'addSiteMap', N'SiteMapAction.addSiteMap', N'Store', N'N', NULL, NULL, N'14043017114000058', NULL);
INSERT Proxy (UUID, Proxy_Action, Proxy_Method, description, Proxy_Type, need_redirect, redirect_Proxy_Action, redirect_Proxy_Method, application_head_uuid, redirect_src) VALUES (N'14062415191003229', N'UserAction', N'logon', N'UserAction.logon', N'Form', N'N', NULL, NULL, N'14043017114000058', NULL);
INSERT Proxy (UUID, Proxy_Action, Proxy_Method, description, Proxy_Type, need_redirect, redirect_Proxy_Action, redirect_Proxy_Method, application_head_uuid, redirect_src) VALUES (N'14062415191003231', N'UserAction', N'forgetPassword', N'UserAction.forgetPassword', N'Form', N'N', NULL, NULL, N'14043017114000058', NULL);
INSERT Proxy (UUID, Proxy_Action, Proxy_Method, description, Proxy_Type, need_redirect, redirect_Proxy_Action, redirect_Proxy_Method, application_head_uuid, redirect_src) VALUES (N'14062415191003233', N'UserAction', N'keepSession', N'UserAction.keepSession', N'Load', N'N', NULL, NULL, N'14043017114000058', NULL);
INSERT Proxy (UUID, Proxy_Action, Proxy_Method, description, Proxy_Type, need_redirect, redirect_Proxy_Action, redirect_Proxy_Method, application_head_uuid, redirect_src) VALUES (N'14062415191003235', N'UserAction', N'getUserInfo', N'UserAction.getUserInfo', N'Load', N'N', NULL, NULL, N'14043017114000058', NULL);
INSERT Proxy (UUID, Proxy_Action, Proxy_Method, description, Proxy_Type, need_redirect, redirect_Proxy_Action, redirect_Proxy_Method, application_head_uuid, redirect_src) VALUES (N'14062415191003237', N'UtilAction', N'getUid', N'UtilAction.getUid', N'Load', N'N', NULL, NULL, N'14043017114000058', NULL);
INSERT Proxy (UUID, Proxy_Action, Proxy_Method, description, Proxy_Type, need_redirect, redirect_Proxy_Action, redirect_Proxy_Method, application_head_uuid, redirect_src) VALUES (N'14062415191003239', N'ProxyAction', N'loadVAppmenuProxyMap', N'ProxyAction.loadVAppmenuProxyMap', N'Store', N'N', NULL, NULL, N'14043017114000058', NULL);
INSERT Proxy (UUID, Proxy_Action, Proxy_Method, description, Proxy_Type, need_redirect, redirect_Proxy_Action, redirect_Proxy_Method, application_head_uuid, redirect_src) VALUES (N'14062415191003241', N'ProxyAction', N'loadAppmenuProxyMapUnSelected', N'ProxyAction.loadAppmenuProxyMapUnSelected', N'Store', N'N', NULL, NULL, N'14043017114000058', NULL);
INSERT Proxy (UUID, Proxy_Action, Proxy_Method, description, Proxy_Type, need_redirect, redirect_Proxy_Action, redirect_Proxy_Method, application_head_uuid, redirect_src) VALUES (N'14062415191003243', N'ProxyAction', N'addAppmenuProxyMap', N'ProxyAction.addAppmenuProxyMap', N'Store', N'N', NULL, NULL, N'14043017114000058', NULL);
INSERT Proxy (UUID, Proxy_Action, Proxy_Method, description, Proxy_Type, need_redirect, redirect_Proxy_Action, redirect_Proxy_Method, application_head_uuid, redirect_src) VALUES (N'14062415191003245', N'ProxyAction', N'removeAppmenuProxyMap', N'ProxyAction.removeAppmenuProxyMap', N'Store', N'N', NULL, NULL, N'14043017114000058', NULL);
INSERT Proxy (UUID, Proxy_Action, Proxy_Method, description, Proxy_Type, need_redirect, redirect_Proxy_Action, redirect_Proxy_Method, application_head_uuid, redirect_src) VALUES (N'14062415191003247', N'AuthorityAction', N'loadAppmenuTree', N'AuthorityAction.loadAppmenuTree', N'TreeStore', N'N', NULL, NULL, N'14043017114000058', NULL);

INSERT Proxy (UUID, Proxy_Action, Proxy_Method, description, Proxy_Type, need_redirect, redirect_Proxy_Action, redirect_Proxy_Method, application_head_uuid, redirect_src) VALUES (N'14062415191003357', N'ServerAction', N'loadCpuInfo', N'ServerAction.loadCpuInfo', N'Load', N'N', NULL, NULL, N'14043017114000058', NULL);

INSERT Proxy (UUID, Proxy_Action, Proxy_Method, description, Proxy_Type, need_redirect, redirect_Proxy_Action, redirect_Proxy_Method, application_head_uuid, redirect_src) VALUES (N'14062415191003361', N'ServerAction', N'loadDisk', N'ServerAction.loadDisk', N'Load', N'N', NULL, NULL, N'14043017114000058', NULL);

INSERT Proxy (UUID, Proxy_Action, Proxy_Method, description, Proxy_Type, need_redirect, redirect_Proxy_Action, redirect_Proxy_Method, application_head_uuid, redirect_src) VALUES (N'14062415191003365', N'ServerAction', N'loadMemoryInfo', N'ServerAction.loadMemoryInfo', N'Load', N'N', NULL, NULL, N'14043017114000058', NULL);

INSERT Proxy (UUID, Proxy_Action, Proxy_Method, description, Proxy_Type, need_redirect, redirect_Proxy_Action, redirect_Proxy_Method, application_head_uuid, redirect_src) VALUES (N'14062415191003369', N'ServerAction', N'loadOSInfo', N'ServerAction.loadOSInfo', N'Load', N'N', NULL, NULL, N'14043017114000058', NULL);

INSERT Proxy (UUID, Proxy_Action, Proxy_Method, description, Proxy_Type, need_redirect, redirect_Proxy_Action, redirect_Proxy_Method, application_head_uuid, redirect_src) VALUES (N'14062415191003373', N'ServerAction', N'loadRuntimeCpuMem', N'ServerAction.loadRuntimeCpuMem', N'Load', N'N', NULL, NULL, N'14043017114000058', NULL);




INSERT APPMENU_PROXY_MAP (uuid, proxy_uuid, appMenu_uuid) VALUES (N'14062415191003249', N'14062415191003085', N'14062415191003037');
INSERT APPMENU_PROXY_MAP (uuid, proxy_uuid, appMenu_uuid) VALUES (N'14062415191003251', N'14062415191003107', N'14062415191003041');
INSERT APPMENU_PROXY_MAP (uuid, proxy_uuid, appMenu_uuid) VALUES (N'14062415191003253', N'14062415191003109', N'14062415191003041');
INSERT APPMENU_PROXY_MAP (uuid, proxy_uuid, appMenu_uuid) VALUES (N'14062415191003255', N'14062415191003111', N'14062415191003041');
INSERT APPMENU_PROXY_MAP (uuid, proxy_uuid, appMenu_uuid) VALUES (N'14062415191003257', N'14062415191003089', N'14062415191003003');
INSERT APPMENU_PROXY_MAP (uuid, proxy_uuid, appMenu_uuid) VALUES (N'14062415191003259', N'14062415191003095', N'14062415191003003');
INSERT APPMENU_PROXY_MAP (uuid, proxy_uuid, appMenu_uuid) VALUES (N'14062415191003261', N'14062415191003093', N'14062415191003003');
INSERT APPMENU_PROXY_MAP (uuid, proxy_uuid, appMenu_uuid) VALUES (N'14062415191003263', N'14062415191003097', N'14062415191003043');
INSERT APPMENU_PROXY_MAP (uuid, proxy_uuid, appMenu_uuid) VALUES (N'14062415191003265', N'14062415191003101', N'14062415191003043');
INSERT APPMENU_PROXY_MAP (uuid, proxy_uuid, appMenu_uuid) VALUES (N'14062415191003267', N'14062415191003099', N'14062415191003043');
INSERT APPMENU_PROXY_MAP (uuid, proxy_uuid, appMenu_uuid) VALUES (N'14062415191003269', N'14062415191003103', N'14062415191003043');
INSERT APPMENU_PROXY_MAP (uuid, proxy_uuid, appMenu_uuid) VALUES (N'14062415191003271', N'14062415191003183', N'14062415191003047');
INSERT APPMENU_PROXY_MAP (uuid, proxy_uuid, appMenu_uuid) VALUES (N'14062415191003273', N'14062415191003185', N'14062415191003047');
INSERT APPMENU_PROXY_MAP (uuid, proxy_uuid, appMenu_uuid) VALUES (N'14062415191003275', N'14062415191003187', N'14062415191003047');
INSERT APPMENU_PROXY_MAP (uuid, proxy_uuid, appMenu_uuid) VALUES (N'14062415191003277', N'14062415191003189', N'14062415191003047');
INSERT APPMENU_PROXY_MAP (uuid, proxy_uuid, appMenu_uuid) VALUES (N'14062415191003279', N'14062415191003191', N'14062415191003047');
INSERT APPMENU_PROXY_MAP (uuid, proxy_uuid, appMenu_uuid) VALUES (N'14062415191003281', N'14062415191003193', N'14062415191003047');
INSERT APPMENU_PROXY_MAP (uuid, proxy_uuid, appMenu_uuid) VALUES (N'14062415191003283', N'14062415191003195', N'14062415191003047');
INSERT APPMENU_PROXY_MAP (uuid, proxy_uuid, appMenu_uuid) VALUES (N'14062415191003285', N'14062415191003197', N'14062415191003047');
INSERT APPMENU_PROXY_MAP (uuid, proxy_uuid, appMenu_uuid) VALUES (N'14062415191003287', N'14062415191003199', N'14062415191003047');
INSERT APPMENU_PROXY_MAP (uuid, proxy_uuid, appMenu_uuid) VALUES (N'14062415191003289', N'14062415191003201', N'14062415191003047');
INSERT APPMENU_PROXY_MAP (uuid, proxy_uuid, appMenu_uuid) VALUES (N'14062415191003291', N'14062415191003203', N'14062415191003047');
INSERT APPMENU_PROXY_MAP (uuid, proxy_uuid, appMenu_uuid) VALUES (N'14062415191003293', N'14062415191003205', N'14062415191003047');
INSERT APPMENU_PROXY_MAP (uuid, proxy_uuid, appMenu_uuid) VALUES (N'14062415191003295', N'14062415191003207', N'14062415191003047');
INSERT APPMENU_PROXY_MAP (uuid, proxy_uuid, appMenu_uuid) VALUES (N'14062415191003297', N'14062415191003215', N'14062415191003047');
INSERT APPMENU_PROXY_MAP (uuid, proxy_uuid, appMenu_uuid) VALUES (N'14062415191003299', N'14062415191003239', N'14062415191003047');
INSERT APPMENU_PROXY_MAP (uuid, proxy_uuid, appMenu_uuid) VALUES (N'14062415191003301', N'14062415191003135', N'14062415191003029');
INSERT APPMENU_PROXY_MAP (uuid, proxy_uuid, appMenu_uuid) VALUES (N'14062415191003303', N'14062415191003137', N'14062415191003029');
INSERT APPMENU_PROXY_MAP (uuid, proxy_uuid, appMenu_uuid) VALUES (N'14062415191003305', N'14062415191003139', N'14062415191003029');
INSERT APPMENU_PROXY_MAP (uuid, proxy_uuid, appMenu_uuid) VALUES (N'14062415191003307', N'14062415191003241', N'14062415191003047');
INSERT APPMENU_PROXY_MAP (uuid, proxy_uuid, appMenu_uuid) VALUES (N'14062415191003309', N'14062415191003243', N'14062415191003047');
INSERT APPMENU_PROXY_MAP (uuid, proxy_uuid, appMenu_uuid) VALUES (N'14062415191003311', N'14062415191003245', N'14062415191003047');
INSERT APPMENU_PROXY_MAP (uuid, proxy_uuid, appMenu_uuid) VALUES (N'14062415191003313', N'14062415191003211', N'14062415191003045');
INSERT APPMENU_PROXY_MAP (uuid, proxy_uuid, appMenu_uuid) VALUES (N'14062415191003315', N'14062415191003209', N'14062415191003045');
INSERT APPMENU_PROXY_MAP (uuid, proxy_uuid, appMenu_uuid) VALUES (N'14062415191003317', N'14062415191003227', N'14062415191003045');
INSERT APPMENU_PROXY_MAP (uuid, proxy_uuid, appMenu_uuid) VALUES (N'14062415191003319', N'14062415191003225', N'14062415191003045');
INSERT APPMENU_PROXY_MAP (uuid, proxy_uuid, appMenu_uuid) VALUES (N'14062415191003321', N'14062415191003113', N'14062415191003035');
INSERT APPMENU_PROXY_MAP (uuid, proxy_uuid, appMenu_uuid) VALUES (N'14062415191003323', N'14062415191003149', N'14062415191003035');
INSERT APPMENU_PROXY_MAP (uuid, proxy_uuid, appMenu_uuid) VALUES (N'14062415191003325', N'14062415191003151', N'14062415191003035');
INSERT APPMENU_PROXY_MAP (uuid, proxy_uuid, appMenu_uuid) VALUES (N'14062415191003327', N'14062415191003153', N'14062415191003035');
INSERT APPMENU_PROXY_MAP (uuid, proxy_uuid, appMenu_uuid) VALUES (N'14062415191003329', N'14062415191003141', N'14062415191003035');
INSERT APPMENU_PROXY_MAP (uuid, proxy_uuid, appMenu_uuid) VALUES (N'14062415191003331', N'14062415191003115', N'14062415191003035');
INSERT APPMENU_PROXY_MAP (uuid, proxy_uuid, appMenu_uuid) VALUES (N'14062415191003333', N'14062415191003119', N'14062415191003035');
INSERT APPMENU_PROXY_MAP (uuid, proxy_uuid, appMenu_uuid) VALUES (N'14062415191003335', N'14062415191003117', N'14062415191003035');
INSERT APPMENU_PROXY_MAP (uuid, proxy_uuid, appMenu_uuid) VALUES (N'14062415191003337', N'14062415191003143', N'14062415191003035');
INSERT APPMENU_PROXY_MAP (uuid, proxy_uuid, appMenu_uuid) VALUES (N'14062415191003339', N'14062415191003145', N'14062415191003035');
INSERT APPMENU_PROXY_MAP (uuid, proxy_uuid, appMenu_uuid) VALUES (N'14062415191003341', N'14062415191003147', N'14062415191003035');
INSERT APPMENU_PROXY_MAP (uuid, proxy_uuid, appMenu_uuid) VALUES (N'14062415191003343', N'14062415191003155', N'14062415191003035');
INSERT APPMENU_PROXY_MAP (uuid, proxy_uuid, appMenu_uuid) VALUES (N'14062415191003345', N'14062415191003083', N'14062415191003037');
INSERT APPMENU_PROXY_MAP (uuid, proxy_uuid, appMenu_uuid) VALUES (N'14062415191003347', N'14062415191003087', N'14062415191003037');

INSERT APPMENU_PROXY_MAP (uuid, proxy_uuid, appMenu_uuid) VALUES (N'14062415191003355', N'14062415191003357', N'14062415191003029');
INSERT APPMENU_PROXY_MAP (uuid, proxy_uuid, appMenu_uuid) VALUES (N'14062415191003359', N'14062415191003361', N'14062415191003029');
INSERT APPMENU_PROXY_MAP (uuid, proxy_uuid, appMenu_uuid) VALUES (N'14062415191003363', N'14062415191003365', N'14062415191003029');
INSERT APPMENU_PROXY_MAP (uuid, proxy_uuid, appMenu_uuid) VALUES (N'14062415191003367', N'14062415191003369', N'14062415191003029');
INSERT APPMENU_PROXY_MAP (uuid, proxy_uuid, appMenu_uuid) VALUES (N'14062415191003371', N'14062415191003373', N'14062415191003029');

INSERT APPPAGE (uuid, is_active, create_date, create_user, update_date, update_user, id, name, description, url, parameter_class, application_head_uuid, p_mode) VALUES (N'14062415191003079', N'Y', NOW(), N'14043017113900056', NOW(), N'14043017113900056', N'資源維護', N'資源維護', N'資源維護', N'~/admin/system/proxy.aspx', N'', N'14043017114000058', N'');

INSERT SITEMAP (uuid, is_active, create_date, create_user, update_date, update_user, sitemap_uuid, apppage_uuid, root_uuid, haschild, application_head_uuid) VALUES (N'14062415191003353', N'Y', NOW(), N'14043017113900056', NULL, N'14043017113900056', NULL, N'14062415191003079', N'14062415191003007', N'Y', N'14043017114000058');

INSERT APPMENU (uuid, is_active, create_date, create_user, update_date, update_user, name_zh_tw, name_zh_cn, name_en_us, id, appmenu_uuid, haschild, application_head_uuid, ord, parameter_class, image, sitemap_uuid, action_mode, is_default_page, is_admin) VALUES (N'14062415191003081', N'Y', NOW(), N'14043017113900056', NOW(), N'14043017113900056', N'資源', N'資源', N'資源', N'PROXY', N'14062415191003033', N'N', N'14043017114000058', 5, NULL, N'~/css/images/source.png', N'14062415191003353', NULL, N'N', N'Y');

INSERT GROUP_APPMENU (uuid, is_active, create_date, create_user, update_date, update_user, appmenu_uuid, group_head_uuid, is_default_page) VALUES (N'14062415191003351', N'Y', NOW(), N'14043017113900056',NOW(), NULL, N'14062415191003081', N'14062415191002999', N'N');




INSERT APPPAGE (uuid, is_active, create_date, create_user, update_date, update_user, id, name, description, url, parameter_class, application_head_uuid, p_mode) VALUES (N'14062415191003375', N'Y',NOW(), N'14043017113900056', NOW(), N'14043017113900056', N'SCHEDULE', N'排程工作', N'排程工作', N'~/admin/jobs/schedule.aspx', N'', N'14043017114000058', N'');

INSERT SITEMAP (uuid, is_active, create_date, create_user, update_date, update_user, sitemap_uuid, apppage_uuid, root_uuid, haschild, application_head_uuid) VALUES (N'14062415191003377', N'Y', NOW(), N'14043017113900056', NOW(), N'14043017113900056', N'14062415191003007', N'14062415191003375', N'14062415191003007', N'Y', N'14043017114000058');

INSERT APPMENU (uuid, is_active, create_date, create_user, update_date, update_user, name_zh_tw, name_zh_cn, name_en_us, id, appmenu_uuid, haschild, application_head_uuid, ord, parameter_class, image, sitemap_uuid, action_mode, is_default_page, is_admin) VALUES (N'14062415191003379', N'Y', NOW(), N'14043017113900056', NOW(), N'14043017113900056', N'排程工作', N'排程工作', N'排程工作', N'ScheduleJob',N'14062415191003029', N'N', N'14043017114000058', 3, NULL, N'~/css/images/schedule.png', N'14062415191003377', NULL, N'N', N'N');

INSERT Proxy (UUID, Proxy_Action, Proxy_Method, description, Proxy_Type, need_redirect, redirect_Proxy_Action, redirect_Proxy_Method, application_head_uuid, redirect_src) VALUES (N'14062415191003381', N'ScheduleAction', N'loadSchedule', N'ScheduleAction.loadSchedule', N'Store', N'N', NULL, NULL, N'14043017114000058', NULL);

INSERT Proxy (UUID, Proxy_Action, Proxy_Method, description, Proxy_Type, need_redirect, redirect_Proxy_Action, redirect_Proxy_Method, application_head_uuid, redirect_src) VALUES (N'14062415191003383', N'ScheduleAction', N'infoSchedule', N'ScheduleAction.infoSchedule', N'Load', N'N', NULL, NULL, N'14043017114000058', NULL);

INSERT Proxy (UUID, Proxy_Action, Proxy_Method, description, Proxy_Type, need_redirect, redirect_Proxy_Action, redirect_Proxy_Method, application_head_uuid, redirect_src) VALUES (N'14062415191003385', N'ScheduleAction', N'deleteSchedule', N'ScheduleAction.deleteSchedule', N'Load', N'N', NULL, NULL, N'14043017114000058', NULL);

INSERT Proxy (UUID, Proxy_Action, Proxy_Method, description, Proxy_Type, need_redirect, redirect_Proxy_Action, redirect_Proxy_Method, application_head_uuid, redirect_src) VALUES (N'14062415191003387', N'ScheduleAction', N'submitSchedule', N'ScheduleAction.submitSchedule', N'Form', N'N', NULL, NULL, N'14043017114000058', NULL);

INSERT APPMENU_PROXY_MAP (uuid, proxy_uuid, appMenu_uuid) VALUES (N'14062415191003389', N'14062415191003381', N'14062415191003379');

INSERT APPMENU_PROXY_MAP (uuid, proxy_uuid, appMenu_uuid) VALUES (N'14062415191003391', N'14062415191003383', N'14062415191003379');

INSERT APPMENU_PROXY_MAP (uuid, proxy_uuid, appMenu_uuid) VALUES (N'14062415191003393', N'14062415191003385', N'14062415191003379');

INSERT APPMENU_PROXY_MAP (uuid, proxy_uuid, appMenu_uuid) VALUES (N'14062415191003395', N'14062415191003387', N'14062415191003379');

INSERT GROUP_APPMENU (uuid, is_active, create_date, create_user, update_date, update_user, appmenu_uuid, group_head_uuid, is_default_page) VALUES (N'14062415191003397', N'Y', NOW(), N'14043017113900056', NOW(), NULL, N'14062415191003379', N'14062415191002999', N'N');

INSERT SCHEDULE (UUID, SCHEDULE_NAME, SCHEDULE_END_DATE, LAST_RUN_TIME, LAST_RUN_STATUS, IS_CYCLE, SINGLE_DATE, HOUR, MINUTE, CYCLE_TYPE, C_MINUTE, C_HOUR, C_DAY, C_WEEK, C_DAY_OF_WEEK, C_MONTH, C_DAY_OF_MONTH, C_WEEK_OF_MONTH, C_YEAR, C_WEEK_OF_YEAR, RUN_URL, RUN_URL_PARAMETER, RUN_ATTENDANT_UUID, IS_ACTIVE, START_DATE, RUN_SECURITY, EXPEND_ALL, contiune_dateTime) VALUES (N'14062415191003399', N'每10分執行一次', NOW(), NOW(), N'OK', N'Y', NULL, NULL, NULL, N'每分重複', 10, NULL, NULL, NULL, NULL, NULL, NULL, NULL, NULL, NULL, N'http://localhost/WebTemplate3/admin/jobs/sampleJob1.ashx', NULL, NULL, N'Y', NOW(), N'localhost', N'N', NOW());