INSERT INTO COMPANY (uuid, create_date, update_date, is_active, class, id, c_name, e_name, voucher_point_uuid, week_shift, ou_sync_type, name_zh_cn, concurrent_user, expired_date, sales_attendant_uuid) VALUES (N'14043017113800054', sysdate, sysdate, N'Y', N'CLASS', N'InitCompany', N'InitCompany', N'InitCompany', NULL, CAST(0 AS Numeric(18, 0)), N'N', N'InitCompany', NULL, NULL, NULL);

INSERT INTO APPLICATION_HEAD (uuid, create_date, update_date, is_active, name, description, id, create_user, update_user, web_site) VALUES (N'14043017114000058', sysdate, sysdate, N'Y', N'cisr', N'cisr', N'14043017114000058', N'14043017113900056', N'14043017113900056', NULL);

INSERT INTO APPPAGE (uuid, is_active, create_date, create_user, update_date, update_user, id, name, description, url, parameter_class, application_head_uuid, p_mode) VALUES (N'14080622571800052', N'Y', sysdate, N'14043017113900056', sysdate, N'14043017113900056', N'company', N'公司維護', N'公司維護', N'~/admin/basic/company.aspx', N'', N'14043017114000058', N'');
INSERT INTO APPPAGE (uuid, is_active, create_date, create_user, update_date, update_user, id, name, description, url, parameter_class, application_head_uuid, p_mode) VALUES (N'14080622571800054', N'Y', sysdate, N'14043017113900056', sysdate, N'14043017113900056', N'dept', N'部門維護', N'部門維護', N'~/admin/basic/dept.aspx', N'', N'14043017114000058', N'');
INSERT INTO APPPAGE (uuid, is_active, create_date, create_user, update_date, update_user, id, name, description, url, parameter_class, application_head_uuid, p_mode) VALUES (N'14080622571800056', N'Y', sysdate, N'14043017113900056', sysdate, N'14043017113900056', N'attendant', N'人員維護', N'人員維護', N'~/admin/basic/attendant.aspx', N'', N'14043017114000058', N'');
INSERT INTO APPPAGE (uuid, is_active, create_date, create_user, update_date, update_user, id, name, description, url, parameter_class, application_head_uuid, p_mode) VALUES (N'14080622571800058', N'Y', sysdate, N'14043017113900056', sysdate, N'14043017113900056', N'system', N'系統', N'系統', N'~/admin/system/system.aspx', N'', N'14043017114000058', N'');
INSERT INTO APPPAGE (uuid, is_active, create_date, create_user, update_date, update_user, id, name, description, url, parameter_class, application_head_uuid, p_mode) VALUES (N'14080622571800060', N'Y', sysdate, N'14043017113900056', sysdate, N'14043017113900056', N'function', N'功能', N'功能', N'~/admin/system/function.aspx', N'', N'14043017114000058', N'');
INSERT INTO APPPAGE (uuid, is_active, create_date, create_user, update_date, update_user, id, name, description, url, parameter_class, application_head_uuid, p_mode) VALUES (N'14080622571800062', N'Y', sysdate, N'14043017113900056', sysdate, N'14043017113900056', N'sitemap', N'Site Map', N'Site Map', N'~/admin/system/sitemap.aspx', N'', N'14043017114000058', N'');
INSERT INTO APPPAGE (uuid, is_active, create_date, create_user, update_date, update_user, id, name, description, url, parameter_class, application_head_uuid, p_mode) VALUES (N'14080622571800064', N'Y', sysdate, N'14043017113900056', sysdate, N'14043017113900056', N'menu', N'選單', N'選單', N'~/admin/system/menu.aspx', N'', N'14043017114000058', N'');
INSERT INTO APPPAGE (uuid, is_active, create_date, create_user, update_date, update_user, id, name, description, url, parameter_class, application_head_uuid, p_mode) VALUES (N'14080622571800066', N'Y', sysdate, N'14043017113900056', sysdate, N'14043017113900056', N'authority', N'權限維護', N'權限維護', N'~/admin/authority/authority/grouphead_query.aspx', N'', N'14043017114000058', N'');


INSERT INTO ATTENDANT (uuid, create_date, update_date, is_active, company_uuid, account, c_name, e_name, email, password, is_supper, is_admin, code_page, department_uuid, phone, site_uuid, gender, birthday, hire_date, quit_date, is_manager, is_direct, grade, id, src_uuid, is_default_pass) VALUES (N'14043017113900056', sysdate, sysdate, N'Y', N'14043017113800054', N'InitAdmin', N'管理者', N'Admin', N'canred.chen@gmail.com', N'InitAdmin', N'N', N'Y', N'TW', NULL, NULL, NULL, N'M', NULL, NULL, NULL, N'N', N'N', NULL, N'InitAdmin', NULL, N'Y');


INSERT INTO GROUP_HEAD (uuid, create_date, update_date, is_active, name_zh_tw, name_zh_cn, name_en_us, company_uuid, id, create_user, update_user, application_head_uuid) VALUES (N'14080622571800068', sysdate, sysdate, N'Y', N'管理者', N'管理者', N'admin', N'14043017113800054', N'admin', N'14043017113900056', NULL, N'14043017114000058');

INSERT INTO GROUP_ATTENDANT (uuid, is_active, create_date, create_user, update_date, update_user, group_head_uuid, attendant_uuid) VALUES (N'14080622571800070', N'Y', sysdate, N'14043017113900056', sysdate, N'14043017113900056', N'14080622571800068', N'14043017113900056');

INSERT INTO APPPAGE (uuid, is_active, create_date, create_user, update_date, update_user, id, name, description, url, parameter_class, application_head_uuid, p_mode) VALUES (N'14080622571800074', N'Y', sysdate, N'14043017113900056', sysdate, N'14043017113900056', N'gwp_query', N'全球暖化潛勢(GWP)值維護', N'全球暖化潛勢(GWP)值維護', N'~/gwp/gwp_query.aspx', N'', N'14043017114000058', N'');
INSERT INTO APPMENU (uuid, is_active, create_date, create_user, update_date, update_user, name_zh_tw, name_zh_cn, name_en_us, id, appmenu_uuid, haschild, application_head_uuid, ord, parameter_class, image, sitemap_uuid, action_mode, is_default_page, is_admin) VALUES (N'14080622571800072', N'Y', sysdate, N'14043017113900056', sysdate, N'14043017113900056', N'系統', N'系統', N'system', N'system', N'14080622571800072', N'Y', N'14043017114000058', CAST(0 AS Numeric(18, 0)), NULL, NULL, NULL, NULL, N'N', N'Y');


INSERT INTO SITEMAP (uuid, is_active, create_date, create_user, update_date, update_user, sitemap_uuid, apppage_uuid, root_uuid, haschild, application_head_uuid) VALUES (N'14080622571800076', N'Y', sysdate, N'14043017113900056', NULL, N'14043017113900056', NULL, N'14080622571800074', N'14080622571800076', N'Y', N'14043017114000058');
INSERT INTO SITEMAP (uuid, is_active, create_date, create_user, update_date, update_user, sitemap_uuid, apppage_uuid, root_uuid, haschild, application_head_uuid) VALUES (N'14080622571800078', N'Y', sysdate, N'14043017113900056', sysdate, N'14043017113900056', N'14080622571800076', N'14080622571800074', N'14080622571800076', N'Y', N'14043017114000058');


INSERT INTO SITEMAP (uuid, is_active, create_date, create_user, update_date, update_user, sitemap_uuid, apppage_uuid, root_uuid, haschild, application_head_uuid) VALUES (N'14080622571800080', N'Y', sysdate, N'14043017113900056', sysdate, N'14043017113900056', N'14080622571800076', N'14080622571800052', N'14080622571800076', N'Y', N'14043017114000058');
INSERT INTO SITEMAP (uuid, is_active, create_date, create_user, update_date, update_user, sitemap_uuid, apppage_uuid, root_uuid, haschild, application_head_uuid) VALUES (N'14080622571800082', N'Y', sysdate, N'14043017113900056', sysdate, N'14043017113900056', N'14080622571800076', N'14080622571800054', N'14080622571800076', N'Y', N'14043017114000058');
INSERT INTO SITEMAP (uuid, is_active, create_date, create_user, update_date, update_user, sitemap_uuid, apppage_uuid, root_uuid, haschild, application_head_uuid) VALUES (N'14080622571800084', N'Y', sysdate, N'14043017113900056', sysdate, N'14043017113900056', N'14080622571800076', N'14080622571800056', N'14080622571800076', N'Y', N'14043017114000058');
INSERT INTO SITEMAP (uuid, is_active, create_date, create_user, update_date, update_user, sitemap_uuid, apppage_uuid, root_uuid, haschild, application_head_uuid) VALUES (N'14080622571800086', N'Y', sysdate, N'14043017113900056', sysdate, N'14043017113900056', N'14080622571800076', N'14080622571800058', N'14080622571800076', N'Y', N'14043017114000058');
INSERT INTO SITEMAP (uuid, is_active, create_date, create_user, update_date, update_user, sitemap_uuid, apppage_uuid, root_uuid, haschild, application_head_uuid) VALUES (N'14080622571800088', N'Y', sysdate, N'14043017113900056', sysdate, N'14043017113900056', N'14080622571800076', N'14080622571800060', N'14080622571800076', N'Y', N'14043017114000058');
INSERT INTO SITEMAP (uuid, is_active, create_date, create_user, update_date, update_user, sitemap_uuid, apppage_uuid, root_uuid, haschild, application_head_uuid) VALUES (N'14080622571800090', N'Y', sysdate, N'14043017113900056', sysdate, N'14043017113900056', N'14080622571800076', N'14080622571800062', N'14080622571800076', N'Y', N'14043017114000058');
INSERT INTO SITEMAP (uuid, is_active, create_date, create_user, update_date, update_user, sitemap_uuid, apppage_uuid, root_uuid, haschild, application_head_uuid) VALUES (N'14080622571800092', N'Y', sysdate, N'14043017113900056', sysdate, N'14043017113900056', N'14080622571800076', N'14080622571800064', N'14080622571800076', N'Y', N'14043017114000058');
INSERT INTO SITEMAP (uuid, is_active, create_date, create_user, update_date, update_user, sitemap_uuid, apppage_uuid, root_uuid, haschild, application_head_uuid) VALUES (N'14080622571800094', N'Y', sysdate, N'14043017113900056', sysdate, N'14043017113900056', N'14080622571800076', N'14080622571800066', N'14080622571800076', N'Y', N'14043017114000058');

INSERT INTO APPMENU (uuid, is_active, create_date, create_user, update_date, update_user, name_zh_tw, name_zh_cn, name_en_us, id, appmenu_uuid, haschild, application_head_uuid, ord, parameter_class, image, sitemap_uuid, action_mode, is_default_page, is_admin) VALUES (N'14080622571800096', N'Y', sysdate, N'14043017113900056', sysdate, N'14043017113900056', N'ROOT', N'ROOT', N'ROOT', N'14080622571800096', NULL, N'Y', N'14043017114000058', CAST(1 AS Numeric(18, 0)), NULL, NULL, N'14080622571800076', NULL, N'N', N'N');


INSERT INTO APPMENU (uuid, is_active, create_date, create_user, update_date, update_user, name_zh_tw, name_zh_cn, name_en_us, id, appmenu_uuid, haschild, application_head_uuid, ord, parameter_class, image, sitemap_uuid, action_mode, is_default_page, is_admin) VALUES (N'14080622571800098', N'Y', sysdate, N'14043017113900056', sysdate, N'14043017113900056', N'管理者', N'管理者', N'admin', N'admin', N'14080622571800096', N'Y', N'14043017114000058', CAST(6 AS Numeric(18, 0)), NULL, '~\css\images\setting.png', NULL, NULL, N'N', N'Y');
INSERT INTO APPMENU (uuid, is_active, create_date, create_user, update_date, update_user, name_zh_tw, name_zh_cn, name_en_us, id, appmenu_uuid, haschild, application_head_uuid, ord, parameter_class, image, sitemap_uuid, action_mode, is_default_page, is_admin) VALUES (N'14080622571800100', N'Y', sysdate, N'14043017113900056', sysdate, N'14043017113900056', N'基本資料維護', N'基本資料維護', N'basic', N'basic', N'14080622571800098', N'Y', N'14043017114000058', CAST(0 AS Numeric(18, 0)), NULL, '~\css\images\basic.png', NULL, NULL, N'N', N'Y');
INSERT INTO APPMENU (uuid, is_active, create_date, create_user, update_date, update_user, name_zh_tw, name_zh_cn, name_en_us, id, appmenu_uuid, haschild, application_head_uuid, ord, parameter_class, image, sitemap_uuid, action_mode, is_default_page, is_admin) VALUES (N'14080622571800102', N'Y', sysdate, N'14043017113900056', sysdate, N'14043017113900056', N'系統設定', N'系統設定', N'systemSetting', N'systemSetting', N'14080622571800098', N'Y', N'14043017114000058', CAST(1 AS Numeric(18, 0)), NULL, '~\css\images\setting.png', NULL, NULL, N'N', N'Y');
INSERT INTO APPMENU (uuid, is_active, create_date, create_user, update_date, update_user, name_zh_tw, name_zh_cn, name_en_us, id, appmenu_uuid, haschild, application_head_uuid, ord, parameter_class, image, sitemap_uuid, action_mode, is_default_page, is_admin) VALUES (N'14080622571800104', N'Y', sysdate, N'14043017113900056', sysdate, N'14043017113900056', N'權限', N'權限', N'authority', N'authority', N'14080622571800098', N'N', N'14043017114000058', CAST(2 AS Numeric(18, 0)), NULL, '~\css\images\permission.png', N'14080622571800094', NULL, N'N', N'Y');
INSERT INTO APPMENU (uuid, is_active, create_date, create_user, update_date, update_user, name_zh_tw, name_zh_cn, name_en_us, id, appmenu_uuid, haschild, application_head_uuid, ord, parameter_class, image, sitemap_uuid, action_mode, is_default_page, is_admin) VALUES (N'14080622571800106', N'Y', sysdate, N'14043017113900056', sysdate, N'14043017113900056', N'公司維護', N'公司維護', N'company', N'company', N'14080622571800100', N'N', N'14043017114000058', CAST(0 AS Numeric(18, 0)), NULL, '~\css\images\company.png', N'14080622571800080', NULL, N'N', N'Y');






INSERT INTO APPMENU (uuid, is_active, create_date, create_user, update_date, update_user, name_zh_tw, name_zh_cn, name_en_us, id, appmenu_uuid, haschild, application_head_uuid, ord, parameter_class, image, sitemap_uuid, action_mode, is_default_page, is_admin) VALUES (N'14080622571800108', N'Y', sysdate, N'14043017113900056', sysdate, N'14043017113900056', N'部門維護', N'部門維護', N'department', N'department', N'14080622571800100', N'N', N'14043017114000058', CAST(1 AS Numeric(18, 0)), NULL, NULL, N'14080622571800082', NULL, N'N', N'Y');
INSERT INTO APPMENU (uuid, is_active, create_date, create_user, update_date, update_user, name_zh_tw, name_zh_cn, name_en_us, id, appmenu_uuid, haschild, application_head_uuid, ord, parameter_class, image, sitemap_uuid, action_mode, is_default_page, is_admin) VALUES (N'14080622571800110', N'Y', sysdate, N'14043017113900056', sysdate, N'14043017113900056', N'人員維護', N'人員維護', N'attendant', N'attendant', N'14080622571800100', N'N', N'14043017114000058', CAST(2 AS Numeric(18, 0)), NULL, '~\css\images\man.png', N'14080622571800084', NULL, N'N', N'Y');

INSERT INTO APPMENU (uuid, is_active, create_date, create_user, update_date, update_user, name_zh_tw, name_zh_cn, name_en_us, id, appmenu_uuid, haschild, application_head_uuid, ord, parameter_class, image, sitemap_uuid, action_mode, is_default_page, is_admin) VALUES (N'14080622571800112', N'Y', sysdate, N'14043017113900056', sysdate, N'14043017113900056', N'功能', N'功能', N'function', N'function', N'14080622571800102', N'N', N'14043017114000058', CAST(1 AS Numeric(18, 0)), NULL, '~\css\images\function_tag.png', N'14080622571800088', NULL, N'N', N'Y');
INSERT INTO APPMENU (uuid, is_active, create_date, create_user, update_date, update_user, name_zh_tw, name_zh_cn, name_en_us, id, appmenu_uuid, haschild, application_head_uuid, ord, parameter_class, image, sitemap_uuid, action_mode, is_default_page, is_admin) VALUES (N'14080622571800114', N'Y', sysdate, N'14043017113900056', sysdate, N'14043017113900056', N'Site Map', N'Site Map', N'Site Map', N'site_map', N'14080622571800102', N'N', N'14043017114000058', CAST(2 AS Numeric(18, 0)), NULL, '~\css\images\map.png', N'14080622571800090', NULL, N'N', N'Y');
INSERT INTO APPMENU (uuid, is_active, create_date, create_user, update_date, update_user, name_zh_tw, name_zh_cn, name_en_us, id, appmenu_uuid, haschild, application_head_uuid, ord, parameter_class, image, sitemap_uuid, action_mode, is_default_page, is_admin) VALUES (N'14080622571800116', N'Y', sysdate, N'14043017113900056', sysdate, N'14043017113900056', N'選單', N'選單', N'menu', N'menu', N'14080622571800102', N'N', N'14043017114000058', CAST(3 AS Numeric(18, 0)), NULL, '~\css\images\menu.png', N'14080622571800092', NULL, N'N', N'Y');
INSERT INTO APPMENU (uuid, is_active, create_date, create_user, update_date, update_user, name_zh_tw, name_zh_cn, name_en_us, id, appmenu_uuid, haschild, application_head_uuid, ord, parameter_class, image, sitemap_uuid, action_mode, is_default_page, is_admin) VALUES (N'14080622571800118', N'Y', sysdate, N'14043017113900056', sysdate, N'14043017113900056', N'系統', N'系統', N'System', N'系統', N'14080622571800102', N'Y', N'14043017114000058', CAST(0 AS Numeric(18, 0)), NULL, '~\css\images\application.png', N'14080622571800086', NULL, N'N', N'N');
INSERT INTO APPMENU (uuid, is_active, create_date, create_user, update_date, update_user, name_zh_tw, name_zh_cn, name_en_us, id, appmenu_uuid, haschild, application_head_uuid, ord, parameter_class, image, sitemap_uuid, action_mode, is_default_page, is_admin) VALUES (N'14080622571800120', N'N', sysdate, N'14043017113900056', sysdate, N'14043017113900056', N'權限維護', N'權限維護', N'權限維護', N'Authority2', N'14080622571800102', N'Y', N'14043017114000058', CAST(4 AS Numeric(18, 0)), NULL, '~\css\images\key.png', N'14080622571800094', NULL, N'N', N'N');



INSERT INTO GROUP_APPMENU (uuid, is_active, create_date, create_user, update_date, update_user, appmenu_uuid, group_head_uuid, is_default_page) VALUES (N'14080622571800122', N'Y', sysdate, N'14043017113900056', sysdate, NULL, N'14080622571800096', N'14080622571800068', N'N');
INSERT INTO GROUP_APPMENU (uuid, is_active, create_date, create_user, update_date, update_user, appmenu_uuid, group_head_uuid, is_default_page) VALUES (N'14080622571800124', N'Y', sysdate, N'14043017113900056', sysdate, N'14043017113900056', N'14080622571800102', N'14080622571800068', N'N');
INSERT INTO GROUP_APPMENU (uuid, is_active, create_date, create_user, update_date, update_user, appmenu_uuid, group_head_uuid, is_default_page) VALUES (N'14080622571800126', N'Y', sysdate, N'14043017113900056', sysdate, N'14043017113900056', N'14080622571800098', N'14080622571800068', N'N');
INSERT INTO GROUP_APPMENU (uuid, is_active, create_date, create_user, update_date, update_user, appmenu_uuid, group_head_uuid, is_default_page) VALUES (N'14080622571800128', N'Y', sysdate, N'14043017113900056', sysdate, N'14043017113900056', N'14080622571800100', N'14080622571800068', N'N');
INSERT INTO GROUP_APPMENU (uuid, is_active, create_date, create_user, update_date, update_user, appmenu_uuid, group_head_uuid, is_default_page) VALUES (N'14080622571800130', N'Y', sysdate, N'14043017113900056', sysdate, N'14043017113900056', N'14080622571800104', N'14080622571800068', N'N');
INSERT INTO GROUP_APPMENU (uuid, is_active, create_date, create_user, update_date, update_user, appmenu_uuid, group_head_uuid, is_default_page) VALUES (N'14080622571800132', N'Y', sysdate, N'14043017113900056', sysdate, N'14043017113900056', N'14080622571800116', N'14080622571800068', N'N');
INSERT INTO GROUP_APPMENU (uuid, is_active, create_date, create_user, update_date, update_user, appmenu_uuid, group_head_uuid, is_default_page) VALUES (N'14080622571800134', N'Y', sysdate, N'14043017113900056', sysdate, N'14043017113900056', N'14080622571800072', N'14080622571800068', N'N');
INSERT INTO GROUP_APPMENU (uuid, is_active, create_date, create_user, update_date, update_user, appmenu_uuid, group_head_uuid, is_default_page) VALUES (N'14080622571800136', N'Y', sysdate, N'14043017113900056', sysdate, N'14043017113900056', N'14080622571800112', N'14080622571800068', N'N');
INSERT INTO GROUP_APPMENU (uuid, is_active, create_date, create_user, update_date, update_user, appmenu_uuid, group_head_uuid, is_default_page) VALUES (N'14080622571800138', N'Y', sysdate, N'14043017113900056', sysdate, N'14043017113900056', N'14080622571800114', N'14080622571800068', N'N');
INSERT INTO GROUP_APPMENU (uuid, is_active, create_date, create_user, update_date, update_user, appmenu_uuid, group_head_uuid, is_default_page) VALUES (N'14080622571800140', N'Y', sysdate, N'14043017113900056', sysdate, N'14043017113900056', N'14080622571800110', N'14080622571800068', N'N');
INSERT INTO GROUP_APPMENU (uuid, is_active, create_date, create_user, update_date, update_user, appmenu_uuid, group_head_uuid, is_default_page) VALUES (N'14080622571800142', N'Y', sysdate, N'14043017113900056', sysdate, N'14043017113900056', N'14080622571800106', N'14080622571800068', N'N');
INSERT INTO GROUP_APPMENU (uuid, is_active, create_date, create_user, update_date, update_user, appmenu_uuid, group_head_uuid, is_default_page) VALUES (N'14080622571800144', N'Y', sysdate, N'14043017113900056', sysdate, NULL, N'14080622571800118', N'14080622571800068', N'N');
INSERT INTO GROUP_APPMENU (uuid, is_active, create_date, create_user, update_date, update_user, appmenu_uuid, group_head_uuid, is_default_page) VALUES (N'14080622571800146', N'Y', sysdate, N'14043017113900056', sysdate, NULL, N'14080622571800120', N'14080622571800068', N'N');


INSERT INTO Proxy (UUID, Proxy_Action, Proxy_Method, description, Proxy_Type, need_redirect, redirect_Proxy_Action, redirect_Proxy_Method, application_head_uuid, redirect_src) VALUES (N'14080622571800152', N'AdminCompanyAction', N'loadCompany', N'AdminCompanyAction.loadCompany', N'Store', N'N', NULL, NULL, N'14043017114000058', NULL);
INSERT INTO Proxy (UUID, Proxy_Action, Proxy_Method, description, Proxy_Type, need_redirect, redirect_Proxy_Action, redirect_Proxy_Method, application_head_uuid, redirect_src) VALUES (N'14080622571800154', N'AdminCompanyAction', N'info', N'AdminCompanyAction.info', N'Load', N'N', NULL, NULL, N'14043017114000058', NULL);
INSERT INTO Proxy (UUID, Proxy_Action, Proxy_Method, description, Proxy_Type, need_redirect, redirect_Proxy_Action, redirect_Proxy_Method, application_head_uuid, redirect_src) VALUES (N'14080622571800156', N'AdminCompanyAction', N'submit', N'AdminCompanyAction.submit', N'Form', N'N', NULL, NULL, N'14043017114000058', NULL);
INSERT INTO Proxy (UUID, Proxy_Action, Proxy_Method, description, Proxy_Type, need_redirect, redirect_Proxy_Action, redirect_Proxy_Method, application_head_uuid, redirect_src) VALUES (N'14080622571800158', N'ApplicationAction', N'loadApplication', N'ApplicationAction.loadApplication', N'Store', N'N', NULL, NULL, N'14043017114000058', NULL);
INSERT INTO Proxy (UUID, Proxy_Action, Proxy_Method, description, Proxy_Type, need_redirect, redirect_Proxy_Action, redirect_Proxy_Method, application_head_uuid, redirect_src) VALUES (N'14080622571800160', N'ApplicationAction', N'getApplication', N'ApplicationAction.getApplication', N'Store', N'N', NULL, NULL, N'14043017114000058', NULL);
INSERT INTO Proxy (UUID, Proxy_Action, Proxy_Method, description, Proxy_Type, need_redirect, redirect_Proxy_Action, redirect_Proxy_Method, application_head_uuid, redirect_src) VALUES (N'14080622571800162', N'ApplicationAction', N'submit', N'ApplicationAction.submit', N'Form', N'N', NULL, NULL, N'14043017114000058', NULL);
INSERT INTO Proxy (UUID, Proxy_Action, Proxy_Method, description, Proxy_Type, need_redirect, redirect_Proxy_Action, redirect_Proxy_Method, application_head_uuid, redirect_src) VALUES (N'14080622571800164', N'ApplicationAction', N'info', N'ApplicationAction.info', N'Store', N'N', NULL, NULL, N'14043017114000058', NULL);
INSERT INTO Proxy (UUID, Proxy_Action, Proxy_Method, description, Proxy_Type, need_redirect, redirect_Proxy_Action, redirect_Proxy_Method, application_head_uuid, redirect_src) VALUES (N'14080622571800166', N'AppPageAction', N'loadAppPage', N'AppPageAction.loadAppPage', N'Store', N'N', NULL, NULL, N'14043017114000058', NULL);
INSERT INTO Proxy (UUID, Proxy_Action, Proxy_Method, description, Proxy_Type, need_redirect, redirect_Proxy_Action, redirect_Proxy_Method, application_head_uuid, redirect_src) VALUES (N'14080622571800168', N'AppPageAction', N'submit', N'AppPageAction.submit', N'Form', N'N', NULL, NULL, N'14043017114000058', NULL);
INSERT INTO Proxy (UUID, Proxy_Action, Proxy_Method, description, Proxy_Type, need_redirect, redirect_Proxy_Action, redirect_Proxy_Method, application_head_uuid, redirect_src) VALUES (N'14080622571800170', N'AppPageAction', N'info', N'AppPageAction.info', N'Store', N'N', NULL, NULL, N'14043017114000058', NULL);
INSERT INTO Proxy (UUID, Proxy_Action, Proxy_Method, description, Proxy_Type, need_redirect, redirect_Proxy_Action, redirect_Proxy_Method, application_head_uuid, redirect_src) VALUES (N'14080622571800172', N'AppPageAction', N'destroyByUuid', N'AppPageAction.destroyByUuid', N'Store', N'N', NULL, NULL, N'14043017114000058', NULL);
INSERT INTO Proxy (UUID, Proxy_Action, Proxy_Method, description, Proxy_Type, need_redirect, redirect_Proxy_Action, redirect_Proxy_Method, application_head_uuid, redirect_src) VALUES (N'14080622571800174', N'AttendantAction', N'getUserName', N'AttendantAction.getUserName', N'Load', N'N', NULL, NULL, N'14043017114000058', NULL);
INSERT INTO Proxy (UUID, Proxy_Action, Proxy_Method, description, Proxy_Type, need_redirect, redirect_Proxy_Action, redirect_Proxy_Method, application_head_uuid, redirect_src) VALUES (N'14080622571800176', N'AttendantAction', N'load', N'AttendantAction.load', N'Load', N'N', NULL, NULL, N'14043017114000058', NULL);
INSERT INTO Proxy (UUID, Proxy_Action, Proxy_Method, description, Proxy_Type, need_redirect, redirect_Proxy_Action, redirect_Proxy_Method, application_head_uuid, redirect_src) VALUES (N'14080622571800178', N'AttendantAction', N'info', N'AttendantAction.info', N'Load', N'N', NULL, NULL, N'14043017114000058', NULL);
INSERT INTO Proxy (UUID, Proxy_Action, Proxy_Method, description, Proxy_Type, need_redirect, redirect_Proxy_Action, redirect_Proxy_Method, application_head_uuid, redirect_src) VALUES (N'14080622571800180', N'AttendantAction', N'submit', N'AttendantAction.submit', N'Form', N'N', NULL, NULL, N'14043017114000058', NULL);
INSERT INTO Proxy (UUID, Proxy_Action, Proxy_Method, description, Proxy_Type, need_redirect, redirect_Proxy_Action, redirect_Proxy_Method, application_head_uuid, redirect_src) VALUES (N'14080622571800182', N'AuthorityAction', N'loadAppmenuTree', N'AuthorityAction.loadAppmenuTree', N'TreeStore', N'N', NULL, NULL, N'14043017114000058', NULL);
INSERT INTO Proxy (UUID, Proxy_Action, Proxy_Method, description, Proxy_Type, need_redirect, redirect_Proxy_Action, redirect_Proxy_Method, application_head_uuid, redirect_src) VALUES (N'14080622571800184', N'AuthorityAction', N'loadTreeRoot', N'AuthorityAction.loadTreeRoot', N'Store', N'N', NULL, NULL, N'14043017114000058', NULL);
INSERT INTO Proxy (UUID, Proxy_Action, Proxy_Method, description, Proxy_Type, need_redirect, redirect_Proxy_Action, redirect_Proxy_Method, application_head_uuid, redirect_src) VALUES (N'14080622571800186', N'AuthorityAction', N'setGroupAppmenuIsDefaultPage', N'AuthorityAction.setGroupAppmenuIsDefaultPage', N'Store', N'N', NULL, NULL, N'14043017114000058', NULL);
INSERT INTO Proxy (UUID, Proxy_Action, Proxy_Method, description, Proxy_Type, need_redirect, redirect_Proxy_Action, redirect_Proxy_Method, application_head_uuid, redirect_src) VALUES (N'14080622571800188', N'AuthorityAction', N'setGroupAppmenu', N'AuthorityAction.setGroupAppmenu', N'Store', N'N', NULL, NULL, N'14043017114000058', NULL);
INSERT INTO Proxy (UUID, Proxy_Action, Proxy_Method, description, Proxy_Type, need_redirect, redirect_Proxy_Action, redirect_Proxy_Method, application_head_uuid, redirect_src) VALUES (N'14080622571800190', N'CompanyAction', N'getCompany', N'CompanyAction.getCompany', N'Store', N'N', NULL, NULL, N'14043017114000058', NULL);
INSERT INTO Proxy (UUID, Proxy_Action, Proxy_Method, description, Proxy_Type, need_redirect, redirect_Proxy_Action, redirect_Proxy_Method, application_head_uuid, redirect_src) VALUES (N'14080622571800192', N'DeptAction', N'loadTree', N'DeptAction.loadTree', N'TreeStore', N'N', NULL, NULL, N'14043017114000058', NULL);
INSERT INTO Proxy (UUID, Proxy_Action, Proxy_Method, description, Proxy_Type, need_redirect, redirect_Proxy_Action, redirect_Proxy_Method, application_head_uuid, redirect_src) VALUES (N'14080622571800194', N'DeptAction', N'loadTreeRoot', N'DeptAction.loadTreeRoot', N'Store', N'N', NULL, NULL, N'14043017114000058', NULL);
INSERT INTO Proxy (UUID, Proxy_Action, Proxy_Method, description, Proxy_Type, need_redirect, redirect_Proxy_Action, redirect_Proxy_Method, application_head_uuid, redirect_src) VALUES (N'14080622571800196', N'DeptAction', N'info', N'DeptAction.info', N'Load', N'N', NULL, NULL, N'14043017114000058', NULL);
INSERT INTO Proxy (UUID, Proxy_Action, Proxy_Method, description, Proxy_Type, need_redirect, redirect_Proxy_Action, redirect_Proxy_Method, application_head_uuid, redirect_src) VALUES (N'14080622571800198', N'DeptAction', N'submit', N'DeptAction.submit', N'Form', N'N', NULL, NULL, N'14043017114000058', NULL);
INSERT INTO Proxy (UUID, Proxy_Action, Proxy_Method, description, Proxy_Type, need_redirect, redirect_Proxy_Action, redirect_Proxy_Method, application_head_uuid, redirect_src) VALUES (N'14080622571800200', N'DeptAction', N'destroy', N'DeptAction.destroy', N'Form', N'N', NULL, NULL, N'14043017114000058', NULL);
INSERT INTO Proxy (UUID, Proxy_Action, Proxy_Method, description, Proxy_Type, need_redirect, redirect_Proxy_Action, redirect_Proxy_Method, application_head_uuid, redirect_src) VALUES (N'14080622571800202', N'EncryptAction', N'Encode', N'EncryptAction.Encode', N'Load', N'N', NULL, NULL, N'14043017114000058', NULL);
INSERT INTO Proxy (UUID, Proxy_Action, Proxy_Method, description, Proxy_Type, need_redirect, redirect_Proxy_Action, redirect_Proxy_Method, application_head_uuid, redirect_src) VALUES (N'14080622571800204', N'ErrorLogAction', N'load', N'ErrorLogAction.load', N'Load', N'N', NULL, NULL, N'14043017114000058', NULL);
INSERT INTO Proxy (UUID, Proxy_Action, Proxy_Method, description, Proxy_Type, need_redirect, redirect_Proxy_Action, redirect_Proxy_Method, application_head_uuid, redirect_src) VALUES (N'14080622571800206', N'ErrorLogAction', N'UpdateAllRead', N'ErrorLogAction.UpdateAllRead', N'Store', N'N', NULL, NULL, N'14043017114000058', NULL);
INSERT INTO Proxy (UUID, Proxy_Action, Proxy_Method, description, Proxy_Type, need_redirect, redirect_Proxy_Action, redirect_Proxy_Method, application_head_uuid, redirect_src) VALUES (N'14080622571800208', N'ErrorLogAction', N'UpdateRead', N'ErrorLogAction.UpdateRead', N'Load', N'N', NULL, NULL, N'14043017114000058', NULL);
INSERT INTO Proxy (UUID, Proxy_Action, Proxy_Method, description, Proxy_Type, need_redirect, redirect_Proxy_Action, redirect_Proxy_Method, application_head_uuid, redirect_src) VALUES (N'14080622571800210', N'GroupAttendantAction', N'loadAttendantStoreInGroup', N'GroupAttendantAction.loadAttendantStoreInGroup', N'Store', N'N', NULL, NULL, N'14043017114000058', NULL);
INSERT INTO Proxy (UUID, Proxy_Action, Proxy_Method, description, Proxy_Type, need_redirect, redirect_Proxy_Action, redirect_Proxy_Method, application_head_uuid, redirect_src) VALUES (N'14080622571800212', N'GroupAttendantAction', N'loadAttendantStoreNotInGroup', N'GroupAttendantAction.loadAttendantStoreNotInGroup', N'Store', N'N', NULL, NULL, N'14043017114000058', NULL);
INSERT INTO Proxy (UUID, Proxy_Action, Proxy_Method, description, Proxy_Type, need_redirect, redirect_Proxy_Action, redirect_Proxy_Method, application_head_uuid, redirect_src) VALUES (N'14080622571800214', N'GroupAttendantAction', N'addAttendnatGroupHead', N'GroupAttendantAction.addAttendnatGroupHead', N'Store', N'N', NULL, NULL, N'14043017114000058', NULL);
INSERT INTO Proxy (UUID, Proxy_Action, Proxy_Method, description, Proxy_Type, need_redirect, redirect_Proxy_Action, redirect_Proxy_Method, application_head_uuid, redirect_src) VALUES (N'14080622571800216', N'GroupAttendantAction', N'destroyBy', N'GroupAttendantAction.destroyBy', N'Store', N'N', NULL, NULL, N'14043017114000058', NULL);
INSERT INTO Proxy (UUID, Proxy_Action, Proxy_Method, description, Proxy_Type, need_redirect, redirect_Proxy_Action, redirect_Proxy_Method, application_head_uuid, redirect_src) VALUES (N'14080622571800218', N'GroupHeadAction', N'load', N'GroupHeadAction.load', N'Store', N'N', NULL, NULL, N'14043017114000058', NULL);
INSERT INTO Proxy (UUID, Proxy_Action, Proxy_Method, description, Proxy_Type, need_redirect, redirect_Proxy_Action, redirect_Proxy_Method, application_head_uuid, redirect_src) VALUES (N'14080622571800220', N'GroupHeadAction', N'info', N'GroupHeadAction.info', N'Load', N'N', NULL, NULL, N'14043017114000058', NULL);
INSERT INTO Proxy (UUID, Proxy_Action, Proxy_Method, description, Proxy_Type, need_redirect, redirect_Proxy_Action, redirect_Proxy_Method, application_head_uuid, redirect_src) VALUES (N'14080622571800222', N'GroupHeadAction', N'submit', N'GroupHeadAction.submit', N'Form', N'N', NULL, NULL, N'14043017114000058', NULL);
INSERT INTO Proxy (UUID, Proxy_Action, Proxy_Method, description, Proxy_Type, need_redirect, redirect_Proxy_Action, redirect_Proxy_Method, application_head_uuid, redirect_src) VALUES (N'14080622571800224', N'GroupHeadAction', N'deleteGroupHead', N'GroupHeadAction.deleteGroupHead', N'Store', N'N', NULL, NULL, N'14043017114000058', NULL);
INSERT INTO Proxy (UUID, Proxy_Action, Proxy_Method, description, Proxy_Type, need_redirect, redirect_Proxy_Action, redirect_Proxy_Method, application_head_uuid, redirect_src) VALUES (N'14080622571800226', N'InitAction', N'loadBasic', N'InitAction.loadBasic', N'Load', N'N', NULL, NULL, N'14043017114000058', NULL);
INSERT INTO Proxy (UUID, Proxy_Action, Proxy_Method, description, Proxy_Type, need_redirect, redirect_Proxy_Action, redirect_Proxy_Method, application_head_uuid, redirect_src) VALUES (N'14080622571800228', N'InitAction', N'loadException', N'InitAction.loadException', N'Load', N'N', NULL, NULL, N'14043017114000058', NULL);
INSERT INTO Proxy (UUID, Proxy_Action, Proxy_Method, description, Proxy_Type, need_redirect, redirect_Proxy_Action, redirect_Proxy_Method, application_head_uuid, redirect_src) VALUES (N'14080622571800230', N'InitAction', N'loadAction', N'InitAction.loadAction', N'Load', N'N', NULL, NULL, N'14043017114000058', NULL);
INSERT INTO Proxy (UUID, Proxy_Action, Proxy_Method, description, Proxy_Type, need_redirect, redirect_Proxy_Action, redirect_Proxy_Method, application_head_uuid, redirect_src) VALUES (N'14080622571800232', N'InitAction', N'loadParameter', N'InitAction.loadParameter', N'Load', N'N', NULL, NULL, N'14043017114000058', NULL);
INSERT INTO Proxy (UUID, Proxy_Action, Proxy_Method, description, Proxy_Type, need_redirect, redirect_Proxy_Action, redirect_Proxy_Method, application_head_uuid, redirect_src) VALUES (N'14080622571800234', N'InitAction', N'submitParameter', N'InitAction.submitParameter', N'Load', N'N', NULL, NULL, N'14043017114000058', NULL);
INSERT INTO Proxy (UUID, Proxy_Action, Proxy_Method, description, Proxy_Type, need_redirect, redirect_Proxy_Action, redirect_Proxy_Method, application_head_uuid, redirect_src) VALUES (N'14080622571800236', N'InitAction', N'testConnection', N'InitAction.testConnection', N'Load', N'N', NULL, NULL, N'14043017114000058', NULL);
INSERT INTO Proxy (UUID, Proxy_Action, Proxy_Method, description, Proxy_Type, need_redirect, redirect_Proxy_Action, redirect_Proxy_Method, application_head_uuid, redirect_src) VALUES (N'14080622571800238', N'InitAction', N'submitBasic', N'InitAction.submitBasic', N'Store', N'N', NULL, NULL, N'14043017114000058', NULL);
INSERT INTO Proxy (UUID, Proxy_Action, Proxy_Method, description, Proxy_Type, need_redirect, redirect_Proxy_Action, redirect_Proxy_Method, application_head_uuid, redirect_src) VALUES (N'14080622571800240', N'InitAction', N'submitException', N'InitAction.submitException', N'Store', N'N', NULL, NULL, N'14043017114000058', NULL);
INSERT INTO Proxy (UUID, Proxy_Action, Proxy_Method, description, Proxy_Type, need_redirect, redirect_Proxy_Action, redirect_Proxy_Method, application_head_uuid, redirect_src) VALUES (N'14080622571800242', N'InitAction', N'submitActionLog', N'InitAction.submitActionLog', N'Store', N'N', NULL, NULL, N'14043017114000058', NULL);
INSERT INTO Proxy (UUID, Proxy_Action, Proxy_Method, description, Proxy_Type, need_redirect, redirect_Proxy_Action, redirect_Proxy_Method, application_head_uuid, redirect_src) VALUES (N'14080622571800244', N'InitAction', N'initBasic', N'InitAction.initBasic', N'Store', N'N', NULL, NULL, N'14043017114000058', NULL);
INSERT INTO Proxy (UUID, Proxy_Action, Proxy_Method, description, Proxy_Type, need_redirect, redirect_Proxy_Action, redirect_Proxy_Method, application_head_uuid, redirect_src) VALUES (N'14080622571800246', N'InitAction', N'initException', N'InitAction.initException', N'Store', N'N', NULL, NULL, N'14043017114000058', NULL);
INSERT INTO Proxy (UUID, Proxy_Action, Proxy_Method, description, Proxy_Type, need_redirect, redirect_Proxy_Action, redirect_Proxy_Method, application_head_uuid, redirect_src) VALUES (N'14080622571800248', N'InitAction', N'initAction', N'InitAction.initAction', N'Store', N'N', NULL, NULL, N'14043017114000058', NULL);
INSERT INTO Proxy (UUID, Proxy_Action, Proxy_Method, description, Proxy_Type, need_redirect, redirect_Proxy_Action, redirect_Proxy_Method, application_head_uuid, redirect_src) VALUES (N'14080622571800250', N'InitAction', N'importData', N'InitAction.importData', N'Store', N'N', NULL, NULL, N'14043017114000058', NULL);
INSERT INTO Proxy (UUID, Proxy_Action, Proxy_Method, description, Proxy_Type, need_redirect, redirect_Proxy_Action, redirect_Proxy_Method, application_head_uuid, redirect_src) VALUES (N'14080622571800252', N'MenuAction', N'loadMenuTree', N'MenuAction.loadMenuTree', N'TreeStore', N'N', NULL, NULL, N'14043017114000058', NULL);
INSERT INTO Proxy (UUID, Proxy_Action, Proxy_Method, description, Proxy_Type, need_redirect, redirect_Proxy_Action, redirect_Proxy_Method, application_head_uuid, redirect_src) VALUES (N'14080622571800254', N'MenuAction', N'loadTreeRoot', N'MenuAction.loadTreeRoot', N'Store', N'N', NULL, NULL, N'14043017114000058', NULL);
INSERT INTO Proxy (UUID, Proxy_Action, Proxy_Method, description, Proxy_Type, need_redirect, redirect_Proxy_Action, redirect_Proxy_Method, application_head_uuid, redirect_src) VALUES (N'14080622571800256', N'MenuAction', N'submit', N'MenuAction.submit', N'Form', N'N', NULL, NULL, N'14043017114000058', NULL);
INSERT INTO Proxy (UUID, Proxy_Action, Proxy_Method, description, Proxy_Type, need_redirect, redirect_Proxy_Action, redirect_Proxy_Method, application_head_uuid, redirect_src) VALUES (N'14080622571800258', N'MenuAction', N'info', N'MenuAction.info', N'Store', N'N', NULL, NULL, N'14043017114000058', NULL);
INSERT INTO Proxy (UUID, Proxy_Action, Proxy_Method, description, Proxy_Type, need_redirect, redirect_Proxy_Action, redirect_Proxy_Method, application_head_uuid, redirect_src) VALUES (N'14080622571800260', N'MenuAction', N'destroyByUuid', N'MenuAction.destroyByUuid', N'Store', N'N', NULL, NULL, N'14043017114000058', NULL);
INSERT INTO Proxy (UUID, Proxy_Action, Proxy_Method, description, Proxy_Type, need_redirect, redirect_Proxy_Action, redirect_Proxy_Method, application_head_uuid, redirect_src) VALUES (N'14080622571800262', N'MenuAction', N'setAppMenuIsActive', N'MenuAction.setAppMenuIsActive', N'Store', N'N', NULL, NULL, N'14043017114000058', NULL);
INSERT INTO Proxy (UUID, Proxy_Action, Proxy_Method, description, Proxy_Type, need_redirect, redirect_Proxy_Action, redirect_Proxy_Method, application_head_uuid, redirect_src) VALUES (N'14080622571800264', N'MenuAction', N'deleteAppMenu', N'MenuAction.deleteAppMenu', N'Store', N'N', NULL, NULL, N'14043017114000058', NULL);
INSERT INTO Proxy (UUID, Proxy_Action, Proxy_Method, description, Proxy_Type, need_redirect, redirect_Proxy_Action, redirect_Proxy_Method, application_head_uuid, redirect_src) VALUES (N'14080622571800266', N'MenuAction', N'load', N'MenuAction.load', N'Store', N'N', NULL, NULL, N'14043017114000058', NULL);
INSERT INTO Proxy (UUID, Proxy_Action, Proxy_Method, description, Proxy_Type, need_redirect, redirect_Proxy_Action, redirect_Proxy_Method, application_head_uuid, redirect_src) VALUES (N'14080622571800268', N'MenuAction', N'loadThisApplicationMenu', N'MenuAction.loadThisApplicationMenu', N'Store', N'N', NULL, NULL, N'14043017114000058', NULL);
INSERT INTO Proxy (UUID, Proxy_Action, Proxy_Method, description, Proxy_Type, need_redirect, redirect_Proxy_Action, redirect_Proxy_Method, application_head_uuid, redirect_src) VALUES (N'14080622571800270', N'ProxyAction', N'loadProxy', N'ProxyAction.loadProxy', N'Store', N'N', NULL, NULL, N'14043017114000058', NULL);
INSERT INTO Proxy (UUID, Proxy_Action, Proxy_Method, description, Proxy_Type, need_redirect, redirect_Proxy_Action, redirect_Proxy_Method, application_head_uuid, redirect_src) VALUES (N'14080622571800272', N'ProxyAction', N'submitProxy', N'ProxyAction.submitProxy', N'Form', N'N', NULL, NULL, N'14043017114000058', NULL);
INSERT INTO Proxy (UUID, Proxy_Action, Proxy_Method, description, Proxy_Type, need_redirect, redirect_Proxy_Action, redirect_Proxy_Method, application_head_uuid, redirect_src) VALUES (N'14080622571800274', N'ProxyAction', N'infoProxy', N'ProxyAction.infoProxy', N'Store', N'N', NULL, NULL, N'14043017114000058', NULL);
INSERT INTO Proxy (UUID, Proxy_Action, Proxy_Method, description, Proxy_Type, need_redirect, redirect_Proxy_Action, redirect_Proxy_Method, application_head_uuid, redirect_src) VALUES (N'14080622571800276', N'ProxyAction', N'destroyProxyByUuid', N'ProxyAction.destroyProxyByUuid', N'Store', N'N', NULL, NULL, N'14043017114000058', NULL);
INSERT INTO Proxy (UUID, Proxy_Action, Proxy_Method, description, Proxy_Type, need_redirect, redirect_Proxy_Action, redirect_Proxy_Method, application_head_uuid, redirect_src) VALUES (N'14080622571800278', N'SiteMapAction', N'loadSiteMapTree', N'SiteMapAction.loadSiteMapTree', N'TreeStore', N'N', NULL, NULL, N'14043017114000058', NULL);
INSERT INTO Proxy (UUID, Proxy_Action, Proxy_Method, description, Proxy_Type, need_redirect, redirect_Proxy_Action, redirect_Proxy_Method, application_head_uuid, redirect_src) VALUES (N'14080622571800280', N'SiteMapAction', N'loadTreeRoot', N'SiteMapAction.loadTreeRoot', N'Store', N'N', NULL, NULL, N'14043017114000058', NULL);
INSERT INTO Proxy (UUID, Proxy_Action, Proxy_Method, description, Proxy_Type, need_redirect, redirect_Proxy_Action, redirect_Proxy_Method, application_head_uuid, redirect_src) VALUES (N'14080622571800282', N'SiteMapAction', N'load', N'SiteMapAction.load', N'Store', N'N', NULL, NULL, N'14043017114000058', NULL);
INSERT INTO Proxy (UUID, Proxy_Action, Proxy_Method, description, Proxy_Type, need_redirect, redirect_Proxy_Action, redirect_Proxy_Method, application_head_uuid, redirect_src) VALUES (N'14080622571800284', N'SiteMapAction', N'loadThisApplication', N'SiteMapAction.loadThisApplication', N'Store', N'N', NULL, NULL, N'14043017114000058', NULL);
INSERT INTO Proxy (UUID, Proxy_Action, Proxy_Method, description, Proxy_Type, need_redirect, redirect_Proxy_Action, redirect_Proxy_Method, application_head_uuid, redirect_src) VALUES (N'14080622571800286', N'SiteMapAction', N'submit', N'SiteMapAction.submit', N'Form', N'N', NULL, NULL, N'14043017114000058', NULL);
INSERT INTO Proxy (UUID, Proxy_Action, Proxy_Method, description, Proxy_Type, need_redirect, redirect_Proxy_Action, redirect_Proxy_Method, application_head_uuid, redirect_src) VALUES (N'14080622571800288', N'SiteMapAction', N'info', N'SiteMapAction.info', N'Store', N'N', NULL, NULL, N'14043017114000058', NULL);
INSERT INTO Proxy (UUID, Proxy_Action, Proxy_Method, description, Proxy_Type, need_redirect, redirect_Proxy_Action, redirect_Proxy_Method, application_head_uuid, redirect_src) VALUES (N'14080622571800290', N'SiteMapAction', N'destroyByUuid', N'SiteMapAction.destroyByUuid', N'Store', N'N', NULL, NULL, N'14043017114000058', NULL);
INSERT INTO Proxy (UUID, Proxy_Action, Proxy_Method, description, Proxy_Type, need_redirect, redirect_Proxy_Action, redirect_Proxy_Method, application_head_uuid, redirect_src) VALUES (N'14080622571800292', N'SiteMapAction', N'setSiteMapIsActive', N'SiteMapAction.setSiteMapIsActive', N'Store', N'N', NULL, NULL, N'14043017114000058', NULL);
INSERT INTO Proxy (UUID, Proxy_Action, Proxy_Method, description, Proxy_Type, need_redirect, redirect_Proxy_Action, redirect_Proxy_Method, application_head_uuid, redirect_src) VALUES (N'14080622571800294', N'SiteMapAction', N'deleteSiteMap', N'SiteMapAction.deleteSiteMap', N'Store', N'N', NULL, NULL, N'14043017114000058', NULL);
INSERT INTO Proxy (UUID, Proxy_Action, Proxy_Method, description, Proxy_Type, need_redirect, redirect_Proxy_Action, redirect_Proxy_Method, application_head_uuid, redirect_src) VALUES (N'14080622571800296', N'SiteMapAction', N'addSiteMap', N'SiteMapAction.addSiteMap', N'Store', N'N', NULL, NULL, N'14043017114000058', NULL);
INSERT INTO Proxy (UUID, Proxy_Action, Proxy_Method, description, Proxy_Type, need_redirect, redirect_Proxy_Action, redirect_Proxy_Method, application_head_uuid, redirect_src) VALUES (N'14080622571800298', N'UserAction', N'logon', N'UserAction.logon', N'Form', N'N', NULL, NULL, N'14043017114000058', NULL);
INSERT INTO Proxy (UUID, Proxy_Action, Proxy_Method, description, Proxy_Type, need_redirect, redirect_Proxy_Action, redirect_Proxy_Method, application_head_uuid, redirect_src) VALUES (N'14080622571800300', N'UserAction', N'forgetPassword', N'UserAction.forgetPassword', N'Form', N'N', NULL, NULL, N'14043017114000058', NULL);
INSERT INTO Proxy (UUID, Proxy_Action, Proxy_Method, description, Proxy_Type, need_redirect, redirect_Proxy_Action, redirect_Proxy_Method, application_head_uuid, redirect_src) VALUES (N'14080622571800302', N'UserAction', N'keepSession', N'UserAction.keepSession', N'Load', N'N', NULL, NULL, N'14043017114000058', NULL);
INSERT INTO Proxy (UUID, Proxy_Action, Proxy_Method, description, Proxy_Type, need_redirect, redirect_Proxy_Action, redirect_Proxy_Method, application_head_uuid, redirect_src) VALUES (N'14080622571800304', N'UserAction', N'getUserInfo', N'UserAction.getUserInfo', N'Load', N'N', NULL, NULL, N'14043017114000058', NULL);
INSERT INTO Proxy (UUID, Proxy_Action, Proxy_Method, description, Proxy_Type, need_redirect, redirect_Proxy_Action, redirect_Proxy_Method, application_head_uuid, redirect_src) VALUES (N'14080622571800306', N'UtilAction', N'getUid', N'UtilAction.getUid', N'Load', N'N', NULL, NULL, N'14043017114000058', NULL);
INSERT INTO Proxy (UUID, Proxy_Action, Proxy_Method, description, Proxy_Type, need_redirect, redirect_Proxy_Action, redirect_Proxy_Method, application_head_uuid, redirect_src) VALUES (N'14080622571800308', N'ProxyAction', N'loadVAppmenuProxyMap', N'ProxyAction.loadVAppmenuProxyMap', N'Store', N'N', NULL, NULL, N'14043017114000058', NULL);
INSERT INTO Proxy (UUID, Proxy_Action, Proxy_Method, description, Proxy_Type, need_redirect, redirect_Proxy_Action, redirect_Proxy_Method, application_head_uuid, redirect_src) VALUES (N'14080622571800310', N'ProxyAction', N'loadAppmenuProxyMapUnSelected', N'ProxyAction.loadAppmenuProxyMapUnSelected', N'Store', N'N', NULL, NULL, N'14043017114000058', NULL);
INSERT INTO Proxy (UUID, Proxy_Action, Proxy_Method, description, Proxy_Type, need_redirect, redirect_Proxy_Action, redirect_Proxy_Method, application_head_uuid, redirect_src) VALUES (N'14080622571800312', N'ProxyAction', N'addAppmenuProxyMap', N'ProxyAction.addAppmenuProxyMap', N'Store', N'N', NULL, NULL, N'14043017114000058', NULL);
INSERT INTO Proxy (UUID, Proxy_Action, Proxy_Method, description, Proxy_Type, need_redirect, redirect_Proxy_Action, redirect_Proxy_Method, application_head_uuid, redirect_src) VALUES (N'14080622571800314', N'ProxyAction', N'removeAppmenuProxyMap', N'ProxyAction.removeAppmenuProxyMap', N'Store', N'N', NULL, NULL, N'14043017114000058', NULL);
INSERT INTO Proxy (UUID, Proxy_Action, Proxy_Method, description, Proxy_Type, need_redirect, redirect_Proxy_Action, redirect_Proxy_Method, application_head_uuid, redirect_src) VALUES (N'14080622571800316', N'AuthorityAction', N'loadAppmenuTree', N'AuthorityAction.loadAppmenuTree', N'TreeStore', N'N', NULL, NULL, N'14043017114000058', NULL);


INSERT INTO  Proxy (UUID, Proxy_Action, Proxy_Method, description, Proxy_Type, need_redirect, redirect_Proxy_Action, redirect_Proxy_Method, application_head_uuid, redirect_src) VALUES (N'14080622571800426', N'ServerAction', N'loadCpuInfo', N'ServerAction.loadCpuInfo', N'Load', N'N', NULL, NULL, N'14043017114000058', NULL);

INSERT INTO  Proxy (UUID, Proxy_Action, Proxy_Method, description, Proxy_Type, need_redirect, redirect_Proxy_Action, redirect_Proxy_Method, application_head_uuid, redirect_src) VALUES (N'14080622571800430', N'ServerAction', N'loadDisk', N'ServerAction.loadDisk', N'Load', N'N', NULL, NULL, N'14043017114000058', NULL);

INSERT INTO  Proxy (UUID, Proxy_Action, Proxy_Method, description, Proxy_Type, need_redirect, redirect_Proxy_Action, redirect_Proxy_Method, application_head_uuid, redirect_src) VALUES (N'14080622571800434', N'ServerAction', N'loadMemoryInfo', N'ServerAction.loadMemoryInfo', N'Load', N'N', NULL, NULL, N'14043017114000058', NULL);

INSERT INTO  Proxy (UUID, Proxy_Action, Proxy_Method, description, Proxy_Type, need_redirect, redirect_Proxy_Action, redirect_Proxy_Method, application_head_uuid, redirect_src) VALUES (N'14080622571800438', N'ServerAction', N'loadOSInfo', N'ServerAction.loadOSInfo', N'Load', N'N', NULL, NULL, N'14043017114000058', NULL);

INSERT INTO  Proxy (UUID, Proxy_Action, Proxy_Method, description, Proxy_Type, need_redirect, redirect_Proxy_Action, redirect_Proxy_Method, application_head_uuid, redirect_src) VALUES (N'14080622571800442', N'ServerAction', N'loadRuntimeCpuMem', N'ServerAction.loadRuntimeCpuMem', N'Load', N'N', NULL, NULL, N'14043017114000058', NULL);




INSERT INTO APPMENU_PROXY_MAP (uuid, proxy_uuid, appMenu_uuid) VALUES (N'14080622571800318', N'14080622571800154', N'14080622571800106');
INSERT INTO APPMENU_PROXY_MAP (uuid, proxy_uuid, appMenu_uuid) VALUES (N'14080622571800320', N'14080622571800176', N'14080622571800110');
INSERT INTO APPMENU_PROXY_MAP (uuid, proxy_uuid, appMenu_uuid) VALUES (N'14080622571800322', N'14080622571800178', N'14080622571800110');
INSERT INTO APPMENU_PROXY_MAP (uuid, proxy_uuid, appMenu_uuid) VALUES (N'14080622571800324', N'14080622571800180', N'14080622571800110');
INSERT INTO APPMENU_PROXY_MAP (uuid, proxy_uuid, appMenu_uuid) VALUES (N'14080622571800326', N'14080622571800158', N'14080622571800072');
INSERT INTO APPMENU_PROXY_MAP (uuid, proxy_uuid, appMenu_uuid) VALUES (N'14080622571800328', N'14080622571800164', N'14080622571800072');
INSERT INTO APPMENU_PROXY_MAP (uuid, proxy_uuid, appMenu_uuid) VALUES (N'14080622571800330', N'14080622571800162', N'14080622571800072');
INSERT INTO APPMENU_PROXY_MAP (uuid, proxy_uuid, appMenu_uuid) VALUES (N'14080622571800332', N'14080622571800166', N'14080622571800112');
INSERT INTO APPMENU_PROXY_MAP (uuid, proxy_uuid, appMenu_uuid) VALUES (N'14080622571800334', N'14080622571800170', N'14080622571800112');
INSERT INTO APPMENU_PROXY_MAP (uuid, proxy_uuid, appMenu_uuid) VALUES (N'14080622571800336', N'14080622571800168', N'14080622571800112');
INSERT INTO APPMENU_PROXY_MAP (uuid, proxy_uuid, appMenu_uuid) VALUES (N'14080622571800338', N'14080622571800172', N'14080622571800112');
INSERT INTO APPMENU_PROXY_MAP (uuid, proxy_uuid, appMenu_uuid) VALUES (N'14080622571800340', N'14080622571800252', N'14080622571800116');
INSERT INTO APPMENU_PROXY_MAP (uuid, proxy_uuid, appMenu_uuid) VALUES (N'14080622571800342', N'14080622571800254', N'14080622571800116');
INSERT INTO APPMENU_PROXY_MAP (uuid, proxy_uuid, appMenu_uuid) VALUES (N'14080622571800344', N'14080622571800256', N'14080622571800116');
INSERT INTO APPMENU_PROXY_MAP (uuid, proxy_uuid, appMenu_uuid) VALUES (N'14080622571800346', N'14080622571800258', N'14080622571800116');
INSERT INTO APPMENU_PROXY_MAP (uuid, proxy_uuid, appMenu_uuid) VALUES (N'14080622571800348', N'14080622571800260', N'14080622571800116');
INSERT INTO APPMENU_PROXY_MAP (uuid, proxy_uuid, appMenu_uuid) VALUES (N'14080622571800350', N'14080622571800262', N'14080622571800116');
INSERT INTO APPMENU_PROXY_MAP (uuid, proxy_uuid, appMenu_uuid) VALUES (N'14080622571800352', N'14080622571800264', N'14080622571800116');
INSERT INTO APPMENU_PROXY_MAP (uuid, proxy_uuid, appMenu_uuid) VALUES (N'14080622571800354', N'14080622571800266', N'14080622571800116');
INSERT INTO APPMENU_PROXY_MAP (uuid, proxy_uuid, appMenu_uuid) VALUES (N'14080622571800356', N'14080622571800268', N'14080622571800116');
INSERT INTO APPMENU_PROXY_MAP (uuid, proxy_uuid, appMenu_uuid) VALUES (N'14080622571800358', N'14080622571800270', N'14080622571800116');
INSERT INTO APPMENU_PROXY_MAP (uuid, proxy_uuid, appMenu_uuid) VALUES (N'14080622571800360', N'14080622571800272', N'14080622571800116');
INSERT INTO APPMENU_PROXY_MAP (uuid, proxy_uuid, appMenu_uuid) VALUES (N'14080622571800362', N'14080622571800274', N'14080622571800116');
INSERT INTO APPMENU_PROXY_MAP (uuid, proxy_uuid, appMenu_uuid) VALUES (N'14080622571800364', N'14080622571800276', N'14080622571800116');
INSERT INTO APPMENU_PROXY_MAP (uuid, proxy_uuid, appMenu_uuid) VALUES (N'14080622571800366', N'14080622571800284', N'14080622571800116');
INSERT INTO APPMENU_PROXY_MAP (uuid, proxy_uuid, appMenu_uuid) VALUES (N'14080622571800368', N'14080622571800308', N'14080622571800116');
INSERT INTO APPMENU_PROXY_MAP (uuid, proxy_uuid, appMenu_uuid) VALUES (N'14080622571800370', N'14080622571800204', N'14080622571800098');
INSERT INTO APPMENU_PROXY_MAP (uuid, proxy_uuid, appMenu_uuid) VALUES (N'14080622571800372', N'14080622571800206', N'14080622571800098');
INSERT INTO APPMENU_PROXY_MAP (uuid, proxy_uuid, appMenu_uuid) VALUES (N'14080622571800374', N'14080622571800208', N'14080622571800098');
INSERT INTO APPMENU_PROXY_MAP (uuid, proxy_uuid, appMenu_uuid) VALUES (N'14080622571800376', N'14080622571800310', N'14080622571800116');
INSERT INTO APPMENU_PROXY_MAP (uuid, proxy_uuid, appMenu_uuid) VALUES (N'14080622571800378', N'14080622571800312', N'14080622571800116');
INSERT INTO APPMENU_PROXY_MAP (uuid, proxy_uuid, appMenu_uuid) VALUES (N'14080622571800380', N'14080622571800314', N'14080622571800116');
INSERT INTO APPMENU_PROXY_MAP (uuid, proxy_uuid, appMenu_uuid) VALUES (N'14080622571800382', N'14080622571800280', N'14080622571800114');
INSERT INTO APPMENU_PROXY_MAP (uuid, proxy_uuid, appMenu_uuid) VALUES (N'14080622571800384', N'14080622571800278', N'14080622571800114');
INSERT INTO APPMENU_PROXY_MAP (uuid, proxy_uuid, appMenu_uuid) VALUES (N'14080622571800386', N'14080622571800296', N'14080622571800114');
INSERT INTO APPMENU_PROXY_MAP (uuid, proxy_uuid, appMenu_uuid) VALUES (N'14080622571800388', N'14080622571800294', N'14080622571800114');
INSERT INTO APPMENU_PROXY_MAP (uuid, proxy_uuid, appMenu_uuid) VALUES (N'14080622571800390', N'14080622571800182', N'14080622571800104');
INSERT INTO APPMENU_PROXY_MAP (uuid, proxy_uuid, appMenu_uuid) VALUES (N'14080622571800392', N'14080622571800218', N'14080622571800104');
INSERT INTO APPMENU_PROXY_MAP (uuid, proxy_uuid, appMenu_uuid) VALUES (N'14080622571800394', N'14080622571800220', N'14080622571800104');
INSERT INTO APPMENU_PROXY_MAP (uuid, proxy_uuid, appMenu_uuid) VALUES (N'14080622571800396', N'14080622571800222', N'14080622571800104');
INSERT INTO APPMENU_PROXY_MAP (uuid, proxy_uuid, appMenu_uuid) VALUES (N'14080622571800398', N'14080622571800210', N'14080622571800104');
INSERT INTO APPMENU_PROXY_MAP (uuid, proxy_uuid, appMenu_uuid) VALUES (N'14080622571800400', N'14080622571800184', N'14080622571800104');
INSERT INTO APPMENU_PROXY_MAP (uuid, proxy_uuid, appMenu_uuid) VALUES (N'14080622571800402', N'14080622571800188', N'14080622571800104');
INSERT INTO APPMENU_PROXY_MAP (uuid, proxy_uuid, appMenu_uuid) VALUES (N'14080622571800404', N'14080622571800186', N'14080622571800104');
INSERT INTO APPMENU_PROXY_MAP (uuid, proxy_uuid, appMenu_uuid) VALUES (N'14080622571800406', N'14080622571800212', N'14080622571800104');
INSERT INTO APPMENU_PROXY_MAP (uuid, proxy_uuid, appMenu_uuid) VALUES (N'14080622571800408', N'14080622571800214', N'14080622571800104');
INSERT INTO APPMENU_PROXY_MAP (uuid, proxy_uuid, appMenu_uuid) VALUES (N'14080622571800410', N'14080622571800216', N'14080622571800104');
INSERT INTO APPMENU_PROXY_MAP (uuid, proxy_uuid, appMenu_uuid) VALUES (N'14080622571800412', N'14080622571800224', N'14080622571800104');
INSERT INTO APPMENU_PROXY_MAP (uuid, proxy_uuid, appMenu_uuid) VALUES (N'14080622571800414', N'14080622571800152', N'14080622571800106');
INSERT INTO APPMENU_PROXY_MAP (uuid, proxy_uuid, appMenu_uuid) VALUES (N'14080622571800416', N'14080622571800156', N'14080622571800106');


INSERT INTO  APPMENU_PROXY_MAP (uuid, proxy_uuid, appMenu_uuid) VALUES (N'14080622571800424', N'14080622571800426', N'14080622571800098');
INSERT INTO  APPMENU_PROXY_MAP (uuid, proxy_uuid, appMenu_uuid) VALUES (N'14080622571800428', N'14080622571800430', N'14080622571800098');
INSERT INTO  APPMENU_PROXY_MAP (uuid, proxy_uuid, appMenu_uuid) VALUES (N'14080622571800432', N'14080622571800434', N'14080622571800098');
INSERT INTO  APPMENU_PROXY_MAP (uuid, proxy_uuid, appMenu_uuid) VALUES (N'14080622571800436', N'14080622571800438', N'14080622571800098');
INSERT INTO APPMENU_PROXY_MAP (uuid, proxy_uuid, appMenu_uuid) VALUES (N'14080622571800440', N'14080622571800442', N'14080622571800098');

INSERT INTO APPPAGE (uuid, is_active, create_date, create_user, update_date, update_user, id, name, description, url, parameter_class, application_head_uuid, p_mode) VALUES (N'14080622571800148', N'Y', sysdate, N'14043017113900056', sysdate, N'14043017113900056', N'資源維護', N'資源維護', N'資源維護', N'~/admin/system/proxy.aspx', N'', N'14043017114000058', N'');

INSERT INTO SITEMAP (uuid, is_active, create_date, create_user, update_date, update_user, sitemap_uuid, apppage_uuid, root_uuid, haschild, application_head_uuid) VALUES (N'14080622571800422', N'Y',sysdate, N'14043017113900056', NULL, N'14043017113900056', NULL, N'14080622571800148', N'14080622571800076', N'Y', N'14043017114000058');

INSERT INTO APPMENU (uuid, is_active, create_date, create_user, update_date, update_user, name_zh_tw, name_zh_cn, name_en_us, id, appmenu_uuid, haschild, application_head_uuid, ord, parameter_class, image, sitemap_uuid, action_mode, is_default_page, is_admin) VALUES (N'14080622571800150', N'Y', sysdate, N'14043017113900056', sysdate, N'14043017113900056', N'資源', N'資源', N'資源', N'PROXY', N'14080622571800102', N'N', N'14043017114000058', 5, NULL, N'~\css\images\source.png', N'14080622571800422', NULL, N'N', N'Y');

INSERT INTO GROUP_APPMENU (uuid, is_active, create_date, create_user, update_date, update_user, appmenu_uuid, group_head_uuid, is_default_page) VALUES (N'14080622571800420', N'Y', sysdate, N'14043017113900056',sysdate, NULL, N'14080622571800150', N'14080622571800068', N'N');








INSERT INTO  APPPAGE (uuid, is_active, create_date, create_user, update_date, update_user, id, name, description, url, parameter_class, application_head_uuid, p_mode) VALUES (N'14080622571800444', N'Y',sysdate, N'14043017113900056', sysdate, N'14043017113900056', N'SCHEDULE', N'排程工作', N'排程工作', N'~/admin/jobs/schedule.aspx', N'', N'14043017114000058', N'');

INSERT INTO  SITEMAP (uuid, is_active, create_date, create_user, update_date, update_user, sitemap_uuid, apppage_uuid, root_uuid, haschild, application_head_uuid) VALUES (N'14080622571800446', N'Y', sysdate, N'14043017113900056', sysdate, N'14043017113900056', N'14080622571800076', N'14080622571800444', N'14080622571800076', N'Y', N'14043017114000058');

INSERT INTO  APPMENU (uuid, is_active, create_date, create_user, update_date, update_user, name_zh_tw, name_zh_cn, name_en_us, id, appmenu_uuid, haschild, application_head_uuid, ord, parameter_class, image, sitemap_uuid, action_mode, is_default_page, is_admin) VALUES (N'14080622571800448', N'Y', sysdate, N'14043017113900056', sysdate, N'14043017113900056', N'排程工作', N'排程工作', N'排程工作', N'ScheduleJob',N'14080622571800098', N'N', N'14043017114000058', 3, NULL, N'~\css\images\schedule.png', N'14080622571800446', NULL, N'N', N'N');

INSERT INTO  Proxy (UUID, Proxy_Action, Proxy_Method, description, Proxy_Type, need_redirect, redirect_Proxy_Action, redirect_Proxy_Method, application_head_uuid, redirect_src) VALUES (N'14080622571800450', N'ScheduleAction', N'loadSchedule', N'ScheduleAction.loadSchedule', N'Store', N'N', NULL, NULL, N'14043017114000058', NULL);

INSERT INTO  Proxy (UUID, Proxy_Action, Proxy_Method, description, Proxy_Type, need_redirect, redirect_Proxy_Action, redirect_Proxy_Method, application_head_uuid, redirect_src) VALUES (N'14080622571800452', N'ScheduleAction', N'infoSchedule', N'ScheduleAction.infoSchedule', N'Load', N'N', NULL, NULL, N'14043017114000058', NULL);

INSERT INTO  Proxy (UUID, Proxy_Action, Proxy_Method, description, Proxy_Type, need_redirect, redirect_Proxy_Action, redirect_Proxy_Method, application_head_uuid, redirect_src) VALUES (N'14080622571800454', N'ScheduleAction', N'deleteSchedule', N'ScheduleAction.deleteSchedule', N'Load', N'N', NULL, NULL, N'14043017114000058', NULL);

INSERT INTO  Proxy (UUID, Proxy_Action, Proxy_Method, description, Proxy_Type, need_redirect, redirect_Proxy_Action, redirect_Proxy_Method, application_head_uuid, redirect_src) VALUES (N'14080622571800456', N'ScheduleAction', N'submitSchedule', N'ScheduleAction.submitSchedule', N'Form', N'N', NULL, NULL, N'14043017114000058', NULL);

INSERT INTO  APPMENU_PROXY_MAP (uuid, proxy_uuid, appMenu_uuid) VALUES (N'14080622571800458', N'14080622571800450', N'14080622571800448');

INSERT INTO  APPMENU_PROXY_MAP (uuid, proxy_uuid, appMenu_uuid) VALUES (N'14080622571800460', N'14080622571800452', N'14080622571800448');

INSERT INTO  APPMENU_PROXY_MAP (uuid, proxy_uuid, appMenu_uuid) VALUES (N'14080622571800462', N'14080622571800454', N'14080622571800448');

INSERT INTO  APPMENU_PROXY_MAP (uuid, proxy_uuid, appMenu_uuid) VALUES (N'14080622571800464', N'14080622571800456', N'14080622571800448');

INSERT INTO  GROUP_APPMENU (uuid, is_active, create_date, create_user, update_date, update_user, appmenu_uuid, group_head_uuid, is_default_page) VALUES (N'14080622571800466', N'Y', sysdate, N'14043017113900056', sysdate, NULL, N'14080622571800448', N'14080622571800068', N'N');

INSERT INTO  SCHEDULE (UUID, SCHEDULE_NAME, SCHEDULE_END_DATE, LAST_RUN_TIME, LAST_RUN_STATUS, IS_CYCLE, SINGLE_DATE, HOUR, MINUTE, CYCLE_TYPE, C_MINUTE, C_HOUR, C_DAY, C_WEEK, C_DAY_OF_WEEK, C_MONTH, C_DAY_OF_MONTH, C_WEEK_OF_MONTH, C_YEAR, C_WEEK_OF_YEAR, RUN_URL, RUN_URL_PARAMETER, RUN_ATTENDANT_UUID, IS_ACTIVE, START_DATE, RUN_SECURITY, EXPEND_ALL, contiune_dateTime) VALUES (N'14080622571800468', N'每10分執行一次', sysdate, sysdate, N'OK', N'Y', NULL, NULL, NULL, N'每分重複', 10, NULL, NULL, NULL, NULL, NULL, NULL, NULL, NULL, NULL, N'http://localhost/WebTemplate3/admin/jobs/sampleJob1.ashx', NULL, NULL, N'Y', sysdate, N'localhost', N'N', sysdate);
